{
  "PETR4.SA": {
    "sharpe_ratio": 1.5777181722699518,
    "f1_up": 0.31893687707641194,
    "auprc": 0.36767693260721224,
    "brier_score": 0.2693792115262273,
    "buy_threshold": 0.49999999999999994,
    "sell_threshold": -0.3,
    "n_features": 10,
    "calibration_method": "none",
    "top_k": 20,
    "corr_threshold": 0.9,
    "calibration": "none",
    "selected_features": [
      "Open",
      "High",
      "Low",
      "Close",
      "ATR",
      "Volume",
      "BB_lower",
      "MACD",
      "wavelet_cD",
      "RSI"
    ]
  },
  "VALE3.SA": {
    "sharpe_ratio": 1.3291452396190582,
    "f1_up": 0.07106598984771574,
    "auprc": 0.5108246631377594,
    "brier_score": 0.21084331403050324,
    "buy_threshold": 0.49999999999999994,
    "sell_threshold": 0.04999999999999993,
    "n_features": 10,
    "calibration_method": "isotonic",
    "top_k": 20,
    "corr_threshold": 0.9,
    "calibration": "isotonic",
    "selected_features": [
      "Open",
      "High",
      "Low",
      "Close",
      "ATR",
      "Volume",
      "EMA_long",
      "MACD",
      "wavelet_cD",
      "RSI"
    ]
  },
  "BBDC4.SA": {
    "sharpe_ratio": 0.7793056391296884,
    "f1_up": 0.1507537688442211,
    "auprc": 0.46716320194370153,
    "brier_score": 0.21905441917765542,
    "buy_threshold": 0.49999999999999994,
    "sell_threshold": -0.3,
    "n_features": 11,
    "calibration_method": "isotonic",
    "top_k": 20,
    "corr_threshold": 0.9,
    "calibration": "isotonic",
    "selected_features": [
      "Open",
      "High",
      "Low",
      "Close",
      "ATR",
      "Volume",
      "BB_upper",
      "wavelet_cD",
      "OBV",
      "MACD",
      "RSI"
    ]
  },
  "ITUB4.SA": {
    "sharpe_ratio": 1.621276999682833,
    "f1_up": 0.49640287769784175,
    "auprc": 0.5516412353519939,
    "brier_score": 0.19693257140427683,
    "buy_threshold": 0.39999999999999997,
    "sell_threshold": 0.04999999999999993,
    "n_features": 12,
    "calibration_method": "none",
    "top_k": 20,
    "corr_threshold": 0.9,
    "calibration": "none",
    "selected_features": [
      "Open",
      "High",
      "Low",
      "Close",
      "ATR",
      "Volume",
      "wavelet_cD",
      "wavelet_cA",
      "EMA_long",
      "OBV",
      "RSI",
      "MACD"
    ]
  },
  "BBAS3.SA": {
    "sharpe_ratio": 1.9999122776932654,
    "f1_up": 0.1308411214953271,
    "auprc": 0.4717676321812095,
    "brier_score": 0.273206831243906,
    "buy_threshold": 0.39999999999999997,
    "sell_threshold": 0.04999999999999993,
    "n_features": 11,
    "calibration_method": "none",
    "top_k": 20,
    "corr_threshold": 0.9,
    "calibration": "none",
    "selected_features": [
      "Open",
      "High",
      "Low",
      "Close",
      "ATR",
      "Volume",
      "EMA_long",
      "wavelet_cD",
      "OBV",
      "MACD",
      "RSI"
    ]
  },
  "B3SA3.SA": {
    "sharpe_ratio": 0.7824824742696729,
    "f1_up": 0.36101083032490977,
    "auprc": 0.47934633919082426,
    "brier_score": 0.23693922960925906,
    "buy_threshold": 0.35,
    "sell_threshold": 0.04999999999999993,
    "n_features": 11,
    "calibration_method": "none",
    "top_k": 20,
    "corr_threshold": 0.9,
    "calibration": "none",
    "selected_features": [
      "Open",
      "High",
      "Low",
      "Close",
      "ATR",
      "Volume",
      "BB_upper",
      "wavelet_cD",
      "MACD",
      "OBV",
      "RSI"
    ]
  },
  "ABEV3.SA": {
    "sharpe_ratio": 0.8192961595021759,
    "f1_up": 0.05813953488372093,
    "auprc": 0.3964642171022723,
    "brier_score": 0.20751283467522716,
    "buy_threshold": 0.39999999999999997,
    "sell_threshold": 0.04999999999999993,
    "n_features": 11,
    "calibration_method": "isotonic",
    "top_k": 20,
    "corr_threshold": 0.9,
    "calibration": "isotonic",
    "selected_features": [
      "Open",
      "High",
      "Low",
      "Close",
      "ATR",
      "Volume",
      "wavelet_cD",
      "EMA_long",
      "OBV",
      "MACD",
      "RSI"
    ]
  },
  "VIVT3.SA": {
    "sharpe_ratio": 1.1678374904109585,
    "f1_up": 0.31343283582089554,
    "auprc": 0.476596126247431,
    "brier_score": 0.23031005651980696,
    "buy_threshold": 0.5499999999999999,
    "sell_threshold": -0.3,
    "n_features": 11,
    "calibration_method": "sigmoid",
    "top_k": 20,
    "corr_threshold": 0.9,
    "calibration": "sigmoid",
    "selected_features": [
      "Open",
      "High",
      "Low",
      "Close",
      "ATR",
      "Volume",
      "wavelet_cD",
      "BB_lower",
      "OBV",
      "RSI",
      "MACD"
    ]
  }
}