feature,importance
Volume,0.06458981
ADX,0.06365419
BB_lower,0.06352236
EMA_long,0.06303971
MACD_hist,0.06133645
Close,0.06001648
Open,0.059142496
Low,0.058792546
EMA_short,0.058530256
RSI,0.058429085
High,0.05842605
MACD_signal,0.058028292
BB_middle,0.05660759
wavelet_cD,0.055723805
BB_upper,0.05554684
MACD,0.055338252
wavelet_cA,0.049275763
