{
  "metadata": {
    "simulation_date": "2025-10-09T03:10:17.921622",
    "initial_capital": 100000.0,
    "transaction_cost_pct": 0.001,
    "total_tickers": 8,
    "total_simulations": 32
  },
  "results_by_ticker": {
    "PETR4.SA": {
      "model_prediction": {
        "ticker": "PETR4.SA",
        "label": "Modelo de Predição",
        "capital_inicial": 100000.0,
        "capital_final": 147415.63822127224,
        "retorno_total": 47.41563822127224,
        "retorno_anual_pct": 47.8740288565302,
        "sharpe_ratio": 2.1343812509409457,
        "sortino_ratio": 3.543764778732324,
        "calmar_ratio": 4.503803301341713,
        "max_drawdown_pct": 10.6296890990484,
        "volatilidade_pct": 19.275215196481323,
        "win_rate_pct": 52.17391304347826
      },
      "model_simple": {
        "ticker": "PETR4.SA",
        "label": "Simulação Simples",
        "capital_inicial": 100000.0,
        "capital_final": 149198.82986303663,
        "retorno_total": 49.19882986303663,
        "retorno_anual_pct": 49.677162139621565,
        "sharpe_ratio": 2.1802670609205004,
        "sortino_ratio": 3.65535963135616,
        "calmar_ratio": 4.6727197224826345,
        "max_drawdown_pct": 10.631316468779747,
        "volatilidade_pct": 19.44305371959767,
        "win_rate_pct": 52.71739130434783
      },
      "buy_and_hold": {
        "ticker": "PETR4.SA",
        "label": "Buy and Hold",
        "capital_inicial": 100000.0,
        "capital_final": 117383.78592864318,
        "retorno_total": 17.38378592864318,
        "retorno_anual_pct": 17.45876647598339,
        "sharpe_ratio": 0.7714891618226246,
        "sortino_ratio": 1.0213926291829294,
        "calmar_ratio": 1.0330775205938558,
        "max_drawdown_pct": 16.89976417834294,
        "volatilidade_pct": 25.016569680101536,
        "win_rate_pct": 50.0
      }
    },
    "VALE3.SA": {
      "model_prediction": {
        "ticker": "VALE3.SA",
        "label": "Modelo de Predição",
        "capital_inicial": 100000.0,
        "capital_final": 101277.84092074573,
        "retorno_total": 1.2778409207457209,
        "retorno_anual_pct": 1.2881292092962182,
        "sharpe_ratio": 1.1669298386669322,
        "sortino_ratio": 0,
        "calmar_ratio": 2.6934218892922046,
        "max_drawdown_pct": 0.47825007081780324,
        "volatilidade_pct": 1.1064541363920726,
        "win_rate_pct": 75.0
      },
      "model_simple": {
        "ticker": "VALE3.SA",
        "label": "Simulação Simples",
        "capital_inicial": 100000.0,
        "capital_final": 102470.99167590211,
        "retorno_total": 2.4709916759021233,
        "retorno_anual_pct": 2.4910038080305563,
        "sharpe_ratio": 1.3369116184262022,
        "sortino_ratio": 0,
        "calmar_ratio": 5.075257686892178,
        "max_drawdown_pct": 0.49081326736651204,
        "volatilidade_pct": 1.8606984130456805,
        "win_rate_pct": 75.0
      },
      "buy_and_hold": {
        "ticker": "VALE3.SA",
        "label": "Buy and Hold",
        "capital_inicial": 100000.0,
        "capital_final": 77351.39470303607,
        "retorno_total": -22.64860529696393,
        "retorno_anual_pct": -22.72770718886147,
        "sharpe_ratio": -1.006382247033826,
        "sortino_ratio": -1.7904369972563687,
        "calmar_ratio": -0.9567695593171174,
        "max_drawdown_pct": 23.75463032611854,
        "volatilidade_pct": 23.0884031254387,
        "win_rate_pct": 40.400000000000006
      }
    },
    "BBDC4.SA": {
      "model_prediction": {
        "ticker": "BBDC4.SA",
        "label": "Modelo de Predição",
        "capital_inicial": 100000.0,
        "capital_final": 115639.89886325634,
        "retorno_total": 15.639898863256342,
        "retorno_anual_pct": 15.77440689208267,
        "sharpe_ratio": 1.1210101692461127,
        "sortino_ratio": 1.632623421279775,
        "calmar_ratio": 1.1375345579730205,
        "max_drawdown_pct": 13.867189160557178,
        "volatilidade_pct": 13.974809132143553,
        "win_rate_pct": 47.863247863247864
      },
      "model_simple": {
        "ticker": "BBDC4.SA",
        "label": "Simulação Simples",
        "capital_inicial": 100000.0,
        "capital_final": 115149.14566391044,
        "retorno_total": 15.149145663910435,
        "retorno_anual_pct": 15.279160693547333,
        "sharpe_ratio": 1.0867826776609824,
        "sortino_ratio": 1.5836147073256037,
        "calmar_ratio": 1.1017237766710148,
        "max_drawdown_pct": 13.868413314737632,
        "volatilidade_pct": 14.025171742129483,
        "win_rate_pct": 47.863247863247864
      },
      "buy_and_hold": {
        "ticker": "BBDC4.SA",
        "label": "Buy and Hold",
        "capital_inicial": 100000.0,
        "capital_final": 73345.80009197087,
        "retorno_total": -26.65419990802913,
        "retorno_anual_pct": -26.744726042664023,
        "sharpe_ratio": -1.0044334133942063,
        "sortino_ratio": -1.098557853322212,
        "calmar_ratio": -0.9640607906177172,
        "max_drawdown_pct": 27.7417423288499,
        "volatilidade_pct": 27.268443406948716,
        "win_rate_pct": 46.800000000000004
      }
    },
    "ITUB4.SA": {
      "model_prediction": {
        "ticker": "ITUB4.SA",
        "label": "Modelo de Predição",
        "capital_inicial": 100000.0,
        "capital_final": 107549.07830997123,
        "retorno_total": 7.549078309971224,
        "retorno_anual_pct": 7.611713421865773,
        "sharpe_ratio": 1.0392916745011336,
        "sortino_ratio": 0.7830904327693898,
        "calmar_ratio": 1.3617038979504525,
        "max_drawdown_pct": 5.5898447770638136,
        "volatilidade_pct": 7.345813216651551,
        "win_rate_pct": 56.81818181818182
      },
      "model_simple": {
        "ticker": "ITUB4.SA",
        "label": "Simulação Simples",
        "capital_inicial": 100000.0,
        "capital_final": 108290.98905423778,
        "retorno_total": 8.290989054237773,
        "retorno_anual_pct": 8.36001558806676,
        "sharpe_ratio": 0.7990251106839511,
        "sortino_ratio": 0.5559752994704773,
        "calmar_ratio": 1.0611887156692335,
        "max_drawdown_pct": 7.877972564752121,
        "volatilidade_pct": 10.81806024787227,
        "win_rate_pct": 54.54545454545454
      },
      "buy_and_hold": {
        "ticker": "ITUB4.SA",
        "label": "Buy and Hold",
        "capital_inicial": 100000.0,
        "capital_final": 98317.21066214197,
        "retorno_total": -1.6827893378580372,
        "retorno_anual_pct": -1.6894367240500197,
        "sharpe_ratio": -0.0015325068342512116,
        "sortino_ratio": -0.002384137613784716,
        "calmar_ratio": -0.1025314033304946,
        "max_drawdown_pct": 16.477261299198002,
        "volatilidade_pct": 18.38064268833971,
        "win_rate_pct": 48.4
      }
    },
    "BBAS3.SA": {
      "model_prediction": {
        "ticker": "BBAS3.SA",
        "label": "Modelo de Predição",
        "capital_inicial": 100000.0,
        "capital_final": 98865.60711436401,
        "retorno_total": -1.134392885635982,
        "retorno_anual_pct": -1.1434159473079242,
        "sharpe_ratio": -0.3907710007509879,
        "sortino_ratio": -0.0846430690214263,
        "calmar_ratio": -0.34743433815645514,
        "max_drawdown_pct": 3.291027459677938,
        "volatilidade_pct": 2.8507427246311448,
        "win_rate_pct": 33.33333333333333
      },
      "model_simple": {
        "ticker": "BBAS3.SA",
        "label": "Simulação Simples",
        "capital_inicial": 100000.0,
        "capital_final": 99410.7560789032,
        "retorno_total": -0.5892439210968048,
        "retorno_anual_pct": -0.5939438456656454,
        "sharpe_ratio": -0.15194075920667655,
        "sortino_ratio": -0.03523297120950905,
        "calmar_ratio": -0.15803180893656793,
        "max_drawdown_pct": 3.758381617361903,
        "volatilidade_pct": 3.5282498457944724,
        "win_rate_pct": 33.33333333333333
      },
      "buy_and_hold": {
        "ticker": "BBAS3.SA",