{
  "metadata": {
    "simulation_date": "2025-10-08T22:41:43.283792",
    "initial_capital": 100000.0,
    "transaction_cost_pct": 0.001,
    "total_tickers": 8,
    "total_simulations": 32
  },
  "results_by_ticker": {
    "PETR4.SA": {
      "model_prediction": {
        "ticker": "PETR4.SA",
        "label": "Modelo de Predição",
        "capital_inicial": 100000.0,
        "capital_final": 147415.63822127224,
        "retorno_total": 47.41563822127224,
        "retorno_anual_pct": 47.8740288565302,
        "sharpe_ratio": 2.1343812509409457,
        "sortino_ratio": 3.543764778732324,
        "calmar_ratio": 4.503803301341713,
        "max_drawdown_pct": 10.6296890990484,
        "volatilidade_pct": 19.275215196481323,
        "win_rate_pct": 52.17391304347826
      },
      "model_simple": {
        "ticker": "PETR4.SA",
        "label": "Simulação Simples",
        "capital_inicial": 100000.0,
        "capital_final": 149198.82986303663,
        "retorno_total": 49.19882986303663,
        "retorno_anual_pct": 49.677162139621565,
        "sharpe_ratio": 2.1802670609205004,
        "sortino_ratio": 3.65535963135616,
        "calmar_ratio": 4.6727197224826345,
        "max_drawdown_pct": 10.631316468779747,
        "volatilidade_pct": 19.44305371959767,
        "win_rate_pct": 52.71739130434783
      },
      "buy_and_hold": {
        "ticker": "PETR4.SA",
        "label": "Buy and Hold",
        "capital_inicial": 100000.0,
        "capital_final": 117383.78592864318,
        "retorno_total": 17.38378592864318,
        "retorno_anual_pct": 17.45876647598339,
        "sharpe_ratio": 0.7714891618226246,
        "sortino_ratio": 1.0213926291829294,
        "calmar_ratio": 1.0330775205938558,
        "max_drawdown_pct": 16.89976417834294,
        "volatilidade_pct": 25.016569680101536,
        "win_rate_pct": 50.0
      }
    },
    "VALE3.SA": {
      "model_prediction": {
        "ticker": "VALE3.SA",
        "label": "Modelo de Predição",
        "capital_inicial": 100000.0,
        "capital_final": 108967.63112725363,
        "retorno_total": 8.967631127253629,
        "retorno_anual_pct": 9.042522574018474,
        "sharpe_ratio": 0.6221550780800157,
        "sortino_ratio": 0.8202478751055079,
        "calmar_ratio": 0.9464778475676553,
        "max_drawdown_pct": 9.55386604901189,
        "volatilidade_pct": 15.998953486573178,
        "win_rate_pct": 47.05882352941176
      },
      "model_simple": {
        "ticker": "VALE3.SA",
        "label": "Simulação Simples",
        "capital_inicial": 100000.0,
        "capital_final": 109723.74033240907,
        "retorno_total": 9.723740332409081,
        "retorno_anual_pct": 9.805225590145984,
        "sharpe_ratio": 0.661818402715094,
        "sortino_ratio": 0.8826290158269751,
        "calmar_ratio": 1.0258729052404207,
        "max_drawdown_pct": 9.557934067717733,
        "volatilidade_pct": 16.1294118652891,
        "win_rate_pct": 47.05882352941176
      },
      "buy_and_hold": {
        "ticker": "VALE3.SA",
        "label": "Buy and Hold",
        "capital_inicial": 100000.0,
        "capital_final": 77351.39470303607,
        "retorno_total": -22.64860529696393,
        "retorno_anual_pct": -22.72770718886147,
        "sharpe_ratio": -1.006382247033826,
        "sortino_ratio": -1.7904369972563687,
        "calmar_ratio": -0.9567695593171174,
        "max_drawdown_pct": 23.75463032611854,
        "volatilidade_pct": 23.0884031254387,
        "win_rate_pct": 40.400000000000006
      }
    },
    "BBDC4.SA": {
      "model_prediction": {
        "ticker": "BBDC4.SA",
        "label": "Modelo de Predição",
        "capital_inicial": 100000.0,
        "capital_final": 103778.93069533011,
        "retorno_total": 3.778930695330107,
        "retorno_anual_pct": 3.809730860911209,
        "sharpe_ratio": 0.33036444772077467,
        "sortino_ratio": 0.4157238302162786,
        "calmar_ratio": 0.2747227355890792,
        "max_drawdown_pct": 13.867548503920233,
        "volatilidade_pct": 14.49275914807718,
        "win_rate_pct": 48.4375
      },
      "model_simple": {
        "ticker": "BBDC4.SA",
        "label": "Simulação Simples",
        "capital_inicial": 100000.0,
        "capital_final": 104703.23381217314,
        "retorno_total": 4.7032338121731465,
        "retorno_anual_pct": 4.741738022776332,
        "sharpe_ratio": 0.3868854413772613,
        "sortino_ratio": 0.4776644300955159,
        "calmar_ratio": 0.34190919430829225,
        "max_drawdown_pct": 13.868413314737618,
        "volatilidade_pct": 14.820061953564887,
        "win_rate_pct": 48.4375
      },
      "buy_and_hold": {
        "ticker": "BBDC4.SA",
        "label": "Buy and Hold",
        "capital_inicial": 100000.0,
        "capital_final": 73345.80009197087,
        "retorno_total": -26.65419990802913,
        "retorno_anual_pct": -26.744726042664023,
        "sharpe_ratio": -1.0044334133942063,
        "sortino_ratio": -1.098557853322212,
        "calmar_ratio": -0.9640607906177172,
        "max_drawdown_pct": 27.7417423288499,
        "volatilidade_pct": 27.268443406948716,
        "win_rate_pct": 46.800000000000004
      }
    },
    "ITUB4.SA": {
      "model_prediction": {
        "ticker": "ITUB4.SA",
        "label": "Modelo de Predição",
        "capital_inicial": 100000.0,
        "capital_final": 100000.0,
        "retorno_total": 0.0,
        "retorno_anual_pct": 0.0,
        "sharpe_ratio": -Infinity,
        "sortino_ratio": 0,
        "calmar_ratio": 0,
        "max_drawdown_pct": 0.0,
        "volatilidade_pct": 0.0,
        "win_rate_pct": 0.0
      },
      "model_simple": {
        "ticker": "ITUB4.SA",
        "label": "Simulação Simples",
        "capital_inicial": 100000.0,
        "capital_final": 100000.0,
        "retorno_total": 0.0,
        "retorno_anual_pct": 0.0,
        "sharpe_ratio": -Infinity,
        "sortino_ratio": 0,
        "calmar_ratio": 0,
        "max_drawdown_pct": 0.0,
        "volatilidade_pct": 0.0,
        "win_rate_pct": 0.0
      },
      "buy_and_hold": {
        "ticker": "ITUB4.SA",
        "label": "Buy and Hold",
        "capital_inicial": 100000.0,
        "capital_final": 98317.21066214197,
        "retorno_total": -1.6827893378580372,
        "retorno_anual_pct": -1.6894367240500197,
        "sharpe_ratio": -0.0015325068342512116,
        "sortino_ratio": -0.002384137613784716,
        "calmar_ratio": -0.1025314033304946,
        "max_drawdown_pct": 16.477261299198002,
        "volatilidade_pct": 18.38064268833971,
        "win_rate_pct": 48.4
      }
    },
    "BBAS3.SA": {
      "model_prediction": {
        "ticker": "BBAS3.SA",
        "label": "Modelo de Predição",
        "capital_inicial": 100000.0,
        "capital_final": 104487.72820046562,
        "retorno_total": 4.487728200465613,
        "retorno_anual_pct": 4.524430271136226,
        "sharpe_ratio": 0.6504166248156327,
        "sortino_ratio": 0.5290352509439091,
        "calmar_ratio": 1.176176463101856,
        "max_drawdown_pct": 3.8467274368033446,
        "volatilidade_pct": 7.230866810880812,
        "win_rate_pct": 56.14035087719298
      },
      "model_simple": {
        "ticker": "BBAS3.SA",
        "label": "Simulação Simples",
        "capital_inicial": 100000.0,
        "capital_final": 105161.63853116057,
        "retorno_total": 5.161638531160562,
        "retorno_anual_pct": 5.203987988029124,
        "sharpe_ratio": 0.6888071163300695,
        "sortino_ratio": 0.5568226412125142,
        "calmar_ratio": 1.324583926902705,
        "max_drawdown_pct": 3.928771807006362,
        "volatilidade_pct": 7.838958417486157,
        "win_rate_pct": 54.385964912280706
      },
      "buy_and_hold": {
        "ticker": "BBAS3.SA",
        "label": "Buy and Hold",
        "capital_inicial": 100000.0,
        "capital_final": 95679.13605531957,
        "retorno_total": -4.320863944680431,
        "retorno_anual_pct": -4.337699675634998,
        "sharpe_ratio": -0.17594236199285773,