{
  "metadata": {
    "simulation_date": "2025-10-08T15:39:50.115731",
    "initial_capital": 100000.0,
    "transaction_cost_pct": 0.001,
    "total_tickers": 8,
    "total_simulations": 32
  },
  "results_by_ticker": {
    "PETR4.SA": {
      "model_prediction": {
        "ticker": "PETR4.SA",
        "label": "Modelo de Predição",
        "capital_inicial": 100000.0,
        "capital_final": 147415.63822127224,
        "retorno_total": 47.41563822127224,
        "retorno_anual_pct": 47.8740288565302,
        "sharpe_ratio": 2.1343812509409457,
        "sortino_ratio": 3.543764778732324,
        "calmar_ratio": 4.503803301341713,
        "max_drawdown_pct": 10.6296890990484,
        "volatilidade_pct": 19.275215196481323,
        "win_rate_pct": 52.17391304347826
      },
      "model_simple": {
        "ticker": "PETR4.SA",
        "label": "Simulação Simples",
        "capital_inicial": 100000.0,
        "capital_final": 149198.82986303663,
        "retorno_total": 49.19882986303663,
        "retorno_anual_pct": 49.677162139621565,
        "sharpe_ratio": 2.1802670609205004,
        "sortino_ratio": 3.65535963135616,
        "calmar_ratio": 4.6727197224826345,
        "max_drawdown_pct": 10.631316468779747,
        "volatilidade_pct": 19.44305371959767,
        "win_rate_pct": 52.71739130434783
      },
      "buy_and_hold": {
        "ticker": "PETR4.SA",
        "label": "Buy and Hold",
        "capital_inicial": 100000.0,
        "capital_final": 117383.78592864318,
        "retorno_total": 17.38378592864318,
        "retorno_anual_pct": 17.45876647598339,
        "sharpe_ratio": 0.7714891618226246,
        "sortino_ratio": 1.0213926291829294,
        "calmar_ratio": 1.0330775205938558,
        "max_drawdown_pct": 16.89976417834294,
        "volatilidade_pct": 25.016569680101536,
        "win_rate_pct": 50.0
      }
    },
    "VALE3.SA": {
      "model_prediction": {
        "ticker": "VALE3.SA",
        "label": "Modelo de Predição",
        "capital_inicial": 100000.0,
        "capital_final": 93983.25563124391,
        "retorno_total": -6.016744368756088,
        "retorno_anual_pct": -6.063388748098564,
        "sharpe_ratio": -1.0524716172960784,
        "sortino_ratio": -0.4151732696800253,
        "calmar_ratio": -0.6917379620682024,
        "max_drawdown_pct": 8.765441656505098,
        "volatilidade_pct": 5.8061977992842495,
        "win_rate_pct": 38.46153846153847
      },
      "model_simple": {
        "ticker": "VALE3.SA",
        "label": "Simulação Simples",
        "capital_inicial": 100000.0,
        "capital_final": 94407.83634561139,
        "retorno_total": -5.5921636543886155,
        "retorno_anual_pct": -5.635616077011152,
        "sharpe_ratio": -0.7007497212118718,
        "sortino_ratio": -0.32039859596428377,
        "calmar_ratio": -0.6042554548934379,
        "max_drawdown_pct": 9.326545637895826,
        "volatilidade_pct": 7.87326972839045,
        "win_rate_pct": 38.46153846153847
      },
      "buy_and_hold": {
        "ticker": "VALE3.SA",
        "label": "Buy and Hold",
        "capital_inicial": 100000.0,
        "capital_final": 77351.39470303607,
        "retorno_total": -22.64860529696393,
        "retorno_anual_pct": -22.72770718886147,
        "sharpe_ratio": -1.006382247033826,
        "sortino_ratio": -1.7904369972563687,
        "calmar_ratio": -0.9567695593171174,
        "max_drawdown_pct": 23.75463032611854,
        "volatilidade_pct": 23.0884031254387,
        "win_rate_pct": 40.400000000000006
      }
    },
    "BBDC4.SA": {
      "model_prediction": {
        "ticker": "BBDC4.SA",
        "label": "Modelo de Predição",
        "capital_inicial": 100000.0,
        "capital_final": 126998.37182739607,
        "retorno_total": 26.998371827396063,
        "retorno_anual_pct": 27.24142915241132,
        "sharpe_ratio": 2.1559366427294853,
        "sortino_ratio": 2.789560876394552,
        "calmar_ratio": 7.749691498039276,
        "max_drawdown_pct": 3.5151630434970973,
        "volatilidade_pct": 11.523204517051797,
        "win_rate_pct": 57.89473684210527
      },
      "model_simple": {
        "ticker": "BBDC4.SA",
        "label": "Simulação Simples",
        "capital_inicial": 100000.0,
        "capital_final": 127714.06470753613,
        "retorno_total": 27.714064707536124,
        "retorno_anual_pct": 27.964244533626225,
        "sharpe_ratio": 2.2024072739112057,
        "sortino_ratio": 2.802996519471086,
        "calmar_ratio": 7.95425158598958,
        "max_drawdown_pct": 3.5156349068568247,
        "volatilidade_pct": 11.539395980798195,
        "win_rate_pct": 57.89473684210527
      },
      "buy_and_hold": {
        "ticker": "BBDC4.SA",
        "label": "Buy and Hold",
        "capital_inicial": 100000.0,
        "capital_final": 73345.80009197087,
        "retorno_total": -26.65419990802913,
        "retorno_anual_pct": -26.744726042664023,
        "sharpe_ratio": -1.0044334133942063,
        "sortino_ratio": -1.098557853322212,
        "calmar_ratio": -0.9640607906177172,
        "max_drawdown_pct": 27.7417423288499,
        "volatilidade_pct": 27.268443406948716,
        "win_rate_pct": 46.800000000000004
      }
    },
    "ITUB4.SA": {
      "model_prediction": {
        "ticker": "ITUB4.SA",
        "label": "Modelo de Predição",
        "capital_inicial": 100000.0,
        "capital_final": 100000.0,
        "retorno_total": 0.0,
        "retorno_anual_pct": 0.0,
        "sharpe_ratio": -Infinity,
        "sortino_ratio": 0,
        "calmar_ratio": 0,
        "max_drawdown_pct": 0.0,
        "volatilidade_pct": 0.0,
        "win_rate_pct": 0.0
      },
      "model_simple": {
        "ticker": "ITUB4.SA",
        "label": "Simulação Simples",
        "capital_inicial": 100000.0,
        "capital_final": 100000.0,
        "retorno_total": 0.0,
        "retorno_anual_pct": 0.0,
        "sharpe_ratio": -Infinity,
        "sortino_ratio": 0,
        "calmar_ratio": 0,
        "max_drawdown_pct": 0.0,
        "volatilidade_pct": 0.0,
        "win_rate_pct": 0.0
      },
      "buy_and_hold": {
        "ticker": "ITUB4.SA",
        "label": "Buy and Hold",
        "capital_inicial": 100000.0,
        "capital_final": 98317.21066214197,
        "retorno_total": -1.6827893378580372,
        "retorno_anual_pct": -1.6894367240500197,
        "sharpe_ratio": -0.0015325068342512116,
        "sortino_ratio": -0.002384137613784716,
        "calmar_ratio": -0.1025314033304946,
        "max_drawdown_pct": 16.477261299198002,
        "volatilidade_pct": 18.38064268833971,
        "win_rate_pct": 48.4
      }
    },
    "BBAS3.SA": {
      "model_prediction": {
        "ticker": "BBAS3.SA",
        "label": "Modelo de Predição",
        "capital_inicial": 100000.0,
        "capital_final": 100000.0,
        "retorno_total": 0.0,
        "retorno_anual_pct": 0.0,
        "sharpe_ratio": -Infinity,
        "sortino_ratio": 0,
        "calmar_ratio": 0,
        "max_drawdown_pct": 0.0,
        "volatilidade_pct": 0.0,
        "win_rate_pct": 0.0
      },
      "model_simple": {
        "ticker": "BBAS3.SA",
        "label": "Simulação Simples",
        "capital_inicial": 100000.0,
        "capital_final": 100000.0,
        "retorno_total": 0.0,
        "retorno_anual_pct": 0.0,
        "sharpe_ratio": -Infinity,
        "sortino_ratio": 0,
        "calmar_ratio": 0,
        "max_drawdown_pct": 0.0,
        "volatilidade_pct": 0.0,
        "win_rate_pct": 0.0
      },
      "buy_and_hold": {
        "ticker": "BBAS3.SA",
        "label": "Buy and Hold",
        "capital_inicial": 100000.0,
        "capital_final": 95679.13605531957,
        "retorno_total": -4.320863944680431,
        "retorno_anual_pct": -4.337699675634998,
        "sharpe_ratio": -0.17594236199285773,
        "sortino_ratio": -0.25411692712941314,
        "calmar_ratio": -0.2684132960179686,
        "max_drawdown_pct": 16.160524608827934,
        "volatilidade_pct": 17.04757031834731,