{
  "metadata": {
    "simulation_date": "2025-09-29T18:40:18.737848",
    "initial_capital": 100000.0,
    "transaction_cost_pct": 0.001,
    "total_tickers": 8,
    "total_simulations": 32
  },
  "results_by_ticker": {
    "ABEV3.SA": {
      "model_prediction": {
        "ticker": "ABEV3.SA",
        "label": "Modelo de Predição",
        "capital_inicial": 100000.0,
        "capital_final": 99446.9694114955,
        "retorno_total": -0.5530305885044995,
        "retorno_anual_pct": -0.5574424790166232,
        "sharpe_ratio": 0.006907951592179184,
        "sortino_ratio": 0.005671526358826327,
        "calmar_ratio": -0.03768198129941264,
        "max_drawdown_pct": 14.793343125652267,
        "volatilidade_pct": 11.310924686053003,
        "win_rate_pct": 49.473684210526315
      },
      "model_simple": {
        "ticker": "ABEV3.SA",
        "label": "Simulação Simples",
        "capital_inicial": 100000.0,
        "capital_final": 103025.40809064274,
        "retorno_total": 3.025408090642734,
        "retorno_anual_pct": 3.0499767707514724,
        "sharpe_ratio": 0.294967582491717,
        "sortino_ratio": 0.2697375417197942,
        "calmar_ratio": 0.18743228593581468,
        "max_drawdown_pct": 16.27241942615971,
        "volatilidade_pct": 13.131123658308145,
        "win_rate_pct": 47.368421052631575
      },
      "buy_and_hold": {
        "ticker": "ABEV3.SA",
        "label": "Buy and Hold",
        "capital_inicial": 100000.0,
        "capital_final": 90350.64598780114,
        "retorno_total": -9.649354012198863,
        "retorno_anual_pct": -9.68587277529711,
        "sharpe_ratio": -0.40074044817287446,
        "sortino_ratio": -0.541980789323025,
        "calmar_ratio": -0.49916688072336607,
        "max_drawdown_pct": 19.40407737240271,
        "volatilidade_pct": 20.355644058466158,
        "win_rate_pct": 46.0
      }
    },
    "B3SA3.SA": {
      "model_prediction": {
        "ticker": "B3SA3.SA",
        "label": "Modelo de Predição",
        "capital_inicial": 100000.0,
        "capital_final": 91327.19881687536,
        "retorno_total": -8.672801183124646,
        "retorno_anual_pct": -8.739059886449663,
        "sharpe_ratio": -0.6203508248027271,
        "sortino_ratio": -0.5508607311837022,
        "calmar_ratio": -0.5313631688744292,
        "max_drawdown_pct": 16.446491586839475,
        "volatilidade_pct": 13.363026650419037,
        "win_rate_pct": 54.6875
      },
      "model_simple": {
        "ticker": "B3SA3.SA",
        "label": "Simulação Simples",
        "capital_inicial": 100000.0,
        "capital_final": 94055.5561740563,
        "retorno_total": -5.944443825943702,
        "retorno_anual_pct": -5.9905457470524,
        "sharpe_ratio": -0.30247534655960173,
        "sortino_ratio": -0.2948227226300551,
        "calmar_ratio": -0.31071487969846945,
        "max_drawdown_pct": 19.279880490003805,
        "volatilidade_pct": 16.193498829124632,
        "win_rate_pct": 56.25
      },
      "buy_and_hold": {
        "ticker": "B3SA3.SA",
        "label": "Buy and Hold",
        "capital_inicial": 100000.0,
        "capital_final": 74775.60944246201,
        "retorno_total": -25.22439055753799,
        "retorno_anual_pct": -25.310936676535988,
        "sharpe_ratio": -0.9181851192869608,
        "sortino_ratio": -1.4632680358875503,
        "calmar_ratio": -0.7398142204969136,
        "max_drawdown_pct": 34.21255766013162,
        "volatilidade_pct": 27.71794463219498,
        "win_rate_pct": 49.2
      }
    },
    "BBAS3.SA": {
      "model_prediction": {
        "ticker": "BBAS3.SA",
        "label": "Modelo de Predição",
        "capital_inicial": 100000.0,
        "capital_final": 98089.39354911195,
        "retorno_total": -1.9106064508880527,
        "retorno_anual_pct": -1.9257431788560653,
        "sharpe_ratio": -0.17024768942952925,
        "sortino_ratio": -0.14961686226420787,
        "calmar_ratio": -0.19553189018752198,
        "max_drawdown_pct": 9.848742202661722,
        "volatilidade_pct": 9.060371481714592,
        "win_rate_pct": 53.0
      },
      "model_simple": {
        "ticker": "BBAS3.SA",
        "label": "Simulação Simples",
        "capital_inicial": 100000.0,
        "capital_final": 99806.96156601254,
        "retorno_total": -0.193038433987458,
        "retorno_anual_pct": -0.19458123802147398,
        "sharpe_ratio": 0.04094958391430982,
        "sortino_ratio": 0.037755172187590745,
        "calmar_ratio": -0.020330528456737575,
        "max_drawdown_pct": 9.570889336966024,
        "volatilidade_pct": 11.58358670294188,
        "win_rate_pct": 53.0
      },
      "buy_and_hold": {
        "ticker": "BBAS3.SA",
        "label": "Buy and Hold",
        "capital_inicial": 100000.0,
        "capital_final": 95679.13605531957,
        "retorno_total": -4.320863944680431,
        "retorno_anual_pct": -4.337699675634998,
        "sharpe_ratio": -0.17594236199285773,
        "sortino_ratio": -0.25411692712941314,
        "calmar_ratio": -0.2684132960179686,
        "max_drawdown_pct": 16.160524608827934,
        "volatilidade_pct": 17.04757031834731,
        "win_rate_pct": 52.800000000000004
      }
    },
    "BBDC4.SA": {
      "model_prediction": {
        "ticker": "BBDC4.SA",
        "label": "Modelo de Predição",
        "capital_inicial": 100000.0,
        "capital_final": 103443.71924777156,
        "retorno_total": 3.4437192477715595,
        "retorno_anual_pct": 3.471741811333695,
        "sharpe_ratio": 0.26866384980947444,
        "sortino_ratio": 0.21668849751028085,
        "calmar_ratio": 0.22000026250701085,
        "max_drawdown_pct": 15.780625767312706,
        "volatilidade_pct": 21.633277231585847,
        "win_rate_pct": 52.98507462686567
      },
      "model_simple": {
        "ticker": "BBDC4.SA",
        "label": "Simulação Simples",
        "capital_inicial": 100000.0,
        "capital_final": 101962.30217622747,
        "retorno_total": 1.9623021762274817,
        "retorno_anual_pct": 1.9781548533472693,
        "sharpe_ratio": 0.20719281998478026,
        "sortino_ratio": 0.15499308366578207,
        "calmar_ratio": 0.10166359475463241,
        "max_drawdown_pct": 19.457848781774782,
        "volatilidade_pct": 24.38426359208466,
        "win_rate_pct": 52.23880597014925
      },
      "buy_and_hold": {
        "ticker": "BBDC4.SA",
        "label": "Buy and Hold",
        "capital_inicial": 100000.0,
        "capital_final": 73345.80009197087,
        "retorno_total": -26.65419990802913,
        "retorno_anual_pct": -26.744726042664023,
        "sharpe_ratio": -1.0044334133942063,
        "sortino_ratio": -1.098557853322212,
        "calmar_ratio": -0.9640607906177172,
        "max_drawdown_pct": 27.7417423288499,
        "volatilidade_pct": 27.268443406948716,
        "win_rate_pct": 46.800000000000004
      }
    },
    "ITUB4.SA": {
      "model_prediction": {
        "ticker": "ITUB4.SA",
        "label": "Modelo de Predição",
        "capital_inicial": 100000.0,
        "capital_final": 100000.0,
        "retorno_total": 0.0,
        "retorno_anual_pct": 0.0,
        "sharpe_ratio": -Infinity,
        "sortino_ratio": 0,
        "calmar_ratio": 0,
        "max_drawdown_pct": 0.0,
        "volatilidade_pct": 0.0,
        "win_rate_pct": 0.0
      },
      "model_simple": {
        "ticker": "ITUB4.SA",
        "label": "Simulação Simples",
        "capital_inicial": 100000.0,
        "capital_final": 100000.0,
        "retorno_total": 0.0,
        "retorno_anual_pct": 0.0,
        "sharpe_ratio": -Infinity,
        "sortino_ratio": 0,
        "calmar_ratio": 0,
        "max_drawdown_pct": 0.0,
        "volatilidade_pct": 0.0,
        "win_rate_pct": 0.0
      },
      "buy_and_hold": {
        "ticker": "ITUB4.SA",
        "label": "Buy and Hold",
        "capital_inicial": 100000.0,
        "capital_final": 98317.21066214197,
        "retorno_total": -1.6827893378580372,
        "retorno_anual_pct": -1.6894367240500197,