{
  "metadata": {
    "simulation_date": "2025-10-01T00:31:57.548660",
    "initial_capital": 100000.0,
    "transaction_cost_pct": 0.001,
    "total_tickers": 8,
    "total_simulations": 32
  },
  "results_by_ticker": {
    "ABEV3.SA": {
      "model_prediction": {
        "ticker": "ABEV3.SA",
        "label": "Modelo de Predição",
        "capital_inicial": 100000.0,
        "capital_final": 111054.15853864801,
        "retorno_total": 11.054158538648018,
        "retorno_anual_pct": 11.14734789947267,
        "sharpe_ratio": 0.7786087154907235,
        "sortino_ratio": 0.6030473898513103,
        "calmar_ratio": 0.7176479863624536,
        "max_drawdown_pct": 15.533169619795487,
        "volatilidade_pct": 15.093733289366643,
        "win_rate_pct": 55.0561797752809
      },
      "model_simple": {
        "ticker": "ABEV3.SA",
        "label": "Simulação Simples",
        "capital_inicial": 100000.0,
        "capital_final": 113282.82184169075,
        "retorno_total": 13.28282184169074,
        "retorno_anual_pct": 13.395904916322387,
        "sharpe_ratio": 0.9099542772502378,
        "sortino_ratio": 0.6968584645829545,
        "calmar_ratio": 0.8843609359507818,
        "max_drawdown_pct": 15.147553868286106,
        "volatilidade_pct": 15.132162798371626,
        "win_rate_pct": 53.93258426966292
      },
      "buy_and_hold": {
        "ticker": "ABEV3.SA",
        "label": "Buy and Hold",
        "capital_inicial": 100000.0,
        "capital_final": 90350.64598780114,
        "retorno_total": -9.649354012198863,
        "retorno_anual_pct": -9.68587277529711,
        "sharpe_ratio": -0.40074044817287446,
        "sortino_ratio": -0.541980789323025,
        "calmar_ratio": -0.49916688072336607,
        "max_drawdown_pct": 19.40407737240271,
        "volatilidade_pct": 20.355644058466158,
        "win_rate_pct": 46.0
      }
    },
    "B3SA3.SA": {
      "model_prediction": {
        "ticker": "B3SA3.SA",
        "label": "Modelo de Predição",
        "capital_inicial": 100000.0,
        "capital_final": 106250.4297015295,
        "retorno_total": 6.250429701529492,
        "retorno_anual_pct": 6.301976776007501,
        "sharpe_ratio": 0.4560459990348758,
        "sortino_ratio": 0.3475975148636837,
        "calmar_ratio": 0.472241683034641,
        "max_drawdown_pct": 13.344812629649262,
        "volatilidade_pct": 16.39552757027879,
        "win_rate_pct": 54.6875
      },
      "model_simple": {
        "ticker": "B3SA3.SA",
        "label": "Simulação Simples",
        "capital_inicial": 100000.0,
        "capital_final": 107482.22186844388,
        "retorno_total": 7.482221868443895,
        "retorno_anual_pct": 7.544283048742728,
        "sharpe_ratio": 0.5183527822854774,
        "sortino_ratio": 0.3936964781140442,
        "calmar_ratio": 0.5382436810764964,
        "max_drawdown_pct": 14.01648233687395,
        "volatilidade_pct": 16.809483018172877,
        "win_rate_pct": 56.25
      },
      "buy_and_hold": {
        "ticker": "B3SA3.SA",
        "label": "Buy and Hold",
        "capital_inicial": 100000.0,
        "capital_final": 74775.60944246201,
        "retorno_total": -25.22439055753799,
        "retorno_anual_pct": -25.310936676535988,
        "sharpe_ratio": -0.9181851192869608,
        "sortino_ratio": -1.4632680358875503,
        "calmar_ratio": -0.7398142204969136,
        "max_drawdown_pct": 34.21255766013162,
        "volatilidade_pct": 27.71794463219498,
        "win_rate_pct": 49.2
      }
    },
    "BBAS3.SA": {
      "model_prediction": {
        "ticker": "BBAS3.SA",
        "label": "Modelo de Predição",
        "capital_inicial": 100000.0,
        "capital_final": 102485.67226479435,
        "retorno_total": 2.4856722647943474,
        "retorno_anual_pct": 2.505804740105999,
        "sharpe_ratio": 0.4468606103086351,
        "sortino_ratio": 0.24350212354463305,
        "calmar_ratio": 0.4430486158786516,
        "max_drawdown_pct": 5.655823425012853,
        "volatilidade_pct": 5.9554147120854735,
        "win_rate_pct": 48.0
      },
      "model_simple": {
        "ticker": "BBAS3.SA",
        "label": "Simulação Simples",
        "capital_inicial": 100000.0,
        "capital_final": 103408.97241835004,
        "retorno_total": 3.4089724183500314,
        "retorno_anual_pct": 3.436707566249897,
        "sharpe_ratio": 0.5971938766686672,
        "sortino_ratio": 0.31694055532750876,
        "calmar_ratio": 0.639775038704569,
        "max_drawdown_pct": 5.37174375106697,
        "volatilidade_pct": 5.978518701323731,
        "win_rate_pct": 52.0
      },
      "buy_and_hold": {
        "ticker": "BBAS3.SA",
        "label": "Buy and Hold",
        "capital_inicial": 100000.0,
        "capital_final": 95679.13605531957,
        "retorno_total": -4.320863944680431,
        "retorno_anual_pct": -4.337699675634998,
        "sharpe_ratio": -0.17594236199285773,
        "sortino_ratio": -0.25411692712941314,
        "calmar_ratio": -0.2684132960179686,
        "max_drawdown_pct": 16.160524608827934,
        "volatilidade_pct": 17.04757031834731,
        "win_rate_pct": 52.800000000000004
      }
    },
    "BBDC4.SA": {
      "model_prediction": {
        "ticker": "BBDC4.SA",
        "label": "Modelo de Predição",
        "capital_inicial": 100000.0,
        "capital_final": 96024.47033768072,
        "retorno_total": -3.975529662319288,
        "retorno_anual_pct": -4.006688101578537,
        "sharpe_ratio": -0.050004176643005514,
        "sortino_ratio": -0.03815559309610105,
        "calmar_ratio": -0.18855191819237524,
        "max_drawdown_pct": 21.24978700821598,
        "volatilidade_pct": 23.72807869628918,
        "win_rate_pct": 51.470588235294116
      },
      "model_simple": {
        "ticker": "BBDC4.SA",
        "label": "Simulação Simples",
        "capital_inicial": 100000.0,
        "capital_final": 95365.1438633197,
        "retorno_total": -4.634856136680298,
        "retorno_anual_pct": -4.671055246198453,
        "sharpe_ratio": -0.0718828286949596,
        "sortino_ratio": -0.05490459107306409,
        "calmar_ratio": -0.22515931179910104,
        "max_drawdown_pct": 20.745556596683034,
        "volatilidade_pct": 24.2717329130068,
        "win_rate_pct": 50.0
      },
      "buy_and_hold": {
        "ticker": "BBDC4.SA",
        "label": "Buy and Hold",
        "capital_inicial": 100000.0,
        "capital_final": 73345.80009197087,
        "retorno_total": -26.65419990802913,
        "retorno_anual_pct": -26.744726042664023,
        "sharpe_ratio": -1.0044334133942063,
        "sortino_ratio": -1.098557853322212,
        "calmar_ratio": -0.9640607906177172,
        "max_drawdown_pct": 27.7417423288499,
        "volatilidade_pct": 27.268443406948716,
        "win_rate_pct": 46.800000000000004
      }
    },
    "ITUB4.SA": {
      "model_prediction": {
        "ticker": "ITUB4.SA",
        "label": "Modelo de Predição",
        "capital_inicial": 100000.0,
        "capital_final": 101681.5126840899,
        "retorno_total": 1.681512684089892,
        "retorno_anual_pct": 1.6950781611230203,
        "sharpe_ratio": 0.5492811662890873,
        "sortino_ratio": 0.16390110802383043,
        "calmar_ratio": 0.642093888833022,
        "max_drawdown_pct": 2.639922588585529,
        "volatilidade_pct": 3.163458875911853,
        "win_rate_pct": 50.0
      },
      "model_simple": {
        "ticker": "ITUB4.SA",
        "label": "Simulação Simples",
        "capital_inicial": 100000.0,
        "capital_final": 102108.43783260664,
        "retorno_total": 2.1084378326066355,
        "retorno_anual_pct": 2.125483341528467,
        "sharpe_ratio": 0.6679911907748062,
        "sortino_ratio": 0.18819922711486914,
        "calmar_ratio": 0.7951159206647547,
        "max_drawdown_pct": 2.6731741703165266,
        "volatilidade_pct": 3.239745783996245,
        "win_rate_pct": 50.0
      },
      "buy_and_hold": {
        "ticker": "ITUB4.SA",
        "label": "Buy and Hold",