{
  "metadata": {
    "simulation_date": "2025-10-01T02:38:14.564299",
    "initial_capital": 100000.0,
    "transaction_cost_pct": 0.001,
    "total_tickers": 8,
    "total_simulations": 32
  },
  "results_by_ticker": {
    "ABEV3.SA": {
      "model_prediction": {
        "ticker": "ABEV3.SA",
        "label": "Modelo de Predição",
        "capital_inicial": 100043.73900000002,
        "capital_final": 108908.71364253745,
        "retorno_total": 8.861098886495466,
        "retorno_anual_pct": 8.935064692307758,
        "sharpe_ratio": 0.6613195308405438,
        "sortino_ratio": 0.48771038496282987,
        "calmar_ratio": 0.7308105368500567,
        "max_drawdown_pct": 12.226239554262202,
        "volatilidade_pct": 14.61428121263384,
        "win_rate_pct": 49.42528735632184
      },
      "model_simple": {
        "ticker": "ABEV3.SA",
        "label": "Simulação Simples",
        "capital_inicial": 100000.0,
        "capital_final": 103431.43232113348,
        "retorno_total": 3.4314323211334763,
        "retorno_anual_pct": 3.459353240052776,
        "sharpe_ratio": 0.30645816245322577,
        "sortino_ratio": 0.2249678154032462,
        "calmar_ratio": 0.2593323960661059,
        "max_drawdown_pct": 13.339456591342946,
        "volatilidade_pct": 14.653863095245779,
        "win_rate_pct": 48.275862068965516
      },
      "buy_and_hold": {
        "ticker": "ABEV3.SA",
        "label": "Buy and Hold",
        "capital_inicial": 100000.0,
        "capital_final": 90350.64598780114,
        "retorno_total": -9.649354012198863,
        "retorno_anual_pct": -9.68587277529711,
        "sharpe_ratio": -0.40074044817287446,
        "sortino_ratio": -0.541980789323025,
        "calmar_ratio": -0.49916688072336607,
        "max_drawdown_pct": 19.40407737240271,
        "volatilidade_pct": 20.355644058466158,
        "win_rate_pct": 46.0
      }
    },
    "B3SA3.SA": {
      "model_prediction": {
        "ticker": "B3SA3.SA",
        "label": "Modelo de Predição",
        "capital_inicial": 100043.73900000002,
        "capital_final": 92622.34512809858,
        "retorno_total": -7.4181492476020345,
        "retorno_anual_pct": -7.475219145404455,
        "sharpe_ratio": -0.437739648012645,
        "sortino_ratio": -0.3684188869693133,
        "calmar_ratio": -0.44237707001309584,
        "max_drawdown_pct": 16.897844965570126,
        "volatilidade_pct": 15.178816312703876,
        "win_rate_pct": 48.05194805194805
      },
      "model_simple": {
        "ticker": "B3SA3.SA",
        "label": "Simulação Simples",
        "capital_inicial": 100000.0,
        "capital_final": 85502.99886852446,
        "retorno_total": -14.497001131475539,
        "retorno_anual_pct": -14.604065017602464,
        "sharpe_ratio": -0.8911285321597865,
        "sortino_ratio": -0.7571944722382093,
        "calmar_ratio": -0.7906051308741754,
        "max_drawdown_pct": 18.472008904691382,
        "volatilidade_pct": 16.289044949403767,
        "win_rate_pct": 45.45454545454545
      },
      "buy_and_hold": {
        "ticker": "B3SA3.SA",
        "label": "Buy and Hold",
        "capital_inicial": 100000.0,
        "capital_final": 74775.60944246201,
        "retorno_total": -25.22439055753799,
        "retorno_anual_pct": -25.310936676535988,
        "sharpe_ratio": -0.9181851192869608,
        "sortino_ratio": -1.4632680358875503,
        "calmar_ratio": -0.7398142204969136,
        "max_drawdown_pct": 34.21255766013162,
        "volatilidade_pct": 27.71794463219498,
        "win_rate_pct": 49.2
      }
    },
    "BBAS3.SA": {
      "model_prediction": {
        "ticker": "BBAS3.SA",
        "label": "Modelo de Predição",
        "capital_inicial": 100043.73900000002,
        "capital_final": 109348.42538116762,
        "retorno_total": 9.300618383692761,
        "retorno_anual_pct": 9.378408516825832,
        "sharpe_ratio": 2.7064344137439904,
        "sortino_ratio": 0.6196547242319436,
        "calmar_ratio": 2.548186330308915,
        "max_drawdown_pct": 3.6804249380338265,
        "volatilidade_pct": 3.3467804779040335,
        "win_rate_pct": 33.33333333333333
      },
      "model_simple": {
        "ticker": "BBAS3.SA",
        "label": "Simulação Simples",
        "capital_inicial": 100000.0,
        "capital_final": 99410.7560789032,
        "retorno_total": -0.5892439210968048,
        "retorno_anual_pct": -0.5939438456656454,
        "sharpe_ratio": -0.15194075920667655,
        "sortino_ratio": -0.03523297120950905,
        "calmar_ratio": -0.15803180893656793,
        "max_drawdown_pct": 3.758381617361903,
        "volatilidade_pct": 3.5282498457944724,
        "win_rate_pct": 33.33333333333333
      },
      "buy_and_hold": {
        "ticker": "BBAS3.SA",
        "label": "Buy and Hold",
        "capital_inicial": 100000.0,
        "capital_final": 95679.13605531957,
        "retorno_total": -4.320863944680431,
        "retorno_anual_pct": -4.337699675634998,
        "sharpe_ratio": -0.17594236199285773,
        "sortino_ratio": -0.25411692712941314,
        "calmar_ratio": -0.2684132960179686,
        "max_drawdown_pct": 16.160524608827934,
        "volatilidade_pct": 17.04757031834731,
        "win_rate_pct": 52.800000000000004
      }
    },
    "BBDC4.SA": {
      "model_prediction": {
        "ticker": "BBDC4.SA",
        "label": "Modelo de Predição",
        "capital_inicial": 100043.73900000002,
        "capital_final": 122553.26944690346,
        "retorno_total": 22.499689307797112,
        "retorno_anual_pct": 22.698729873065425,
        "sharpe_ratio": 1.7655504277308285,
        "sortino_ratio": 2.1666245692607,
        "calmar_ratio": 2.8405211538689477,
        "max_drawdown_pct": 7.991044123064704,
        "volatilidade_pct": 12.038104851346358,
        "win_rate_pct": 55.952380952380956
      },
      "model_simple": {
        "ticker": "BBDC4.SA",
        "label": "Simulação Simples",
        "capital_inicial": 100000.0,
        "capital_final": 116047.41794094986,
        "retorno_total": 16.04741794094986,
        "retorno_anual_pct": 16.18566971591204,
        "sharpe_ratio": 1.2782399704265874,
        "sortino_ratio": 1.587686546326811,
        "calmar_ratio": 2.169331234345592,
        "max_drawdown_pct": 7.461133394317566,
        "volatilidade_pct": 12.371887354462608,
        "win_rate_pct": 52.38095238095239
      },
      "buy_and_hold": {
        "ticker": "BBDC4.SA",
        "label": "Buy and Hold",
        "capital_inicial": 100000.0,
        "capital_final": 73345.80009197087,
        "retorno_total": -26.65419990802913,
        "retorno_anual_pct": -26.744726042664023,
        "sharpe_ratio": -1.0044334133942063,
        "sortino_ratio": -1.098557853322212,
        "calmar_ratio": -0.9640607906177172,
        "max_drawdown_pct": 27.7417423288499,
        "volatilidade_pct": 27.268443406948716,
        "win_rate_pct": 46.800000000000004
      }
    },
    "ITUB4.SA": {
      "model_prediction": {
        "ticker": "ITUB4.SA",
        "label": "Modelo de Predição",
        "capital_inicial": 100043.73900000002,
        "capital_final": 110724.73191465632,
        "retorno_total": 10.67632319765288,
        "retorno_anual_pct": 10.766175478003914,
        "sharpe_ratio": 378.318306356837,
        "sortino_ratio": 0,
        "calmar_ratio": 0,
        "max_drawdown_pct": 0.0,
        "volatilidade_pct": 0.027141923437186563,
        "win_rate_pct": 0.0
      },
      "model_simple": {
        "ticker": "ITUB4.SA",
        "label": "Simulação Simples",
        "capital_inicial": 100000.0,
        "capital_final": 100000.0,
        "retorno_total": 0.0,
        "retorno_anual_pct": 0.0,
        "sharpe_ratio": -Infinity,
        "sortino_ratio": 0,
        "calmar_ratio": 0,
        "max_drawdown_pct": 0.0,
        "volatilidade_pct": 0.0,
        "win_rate_pct": 0.0
      },
      "buy_and_hold": {
        "ticker": "ITUB4.SA",
        "label": "Buy and Hold",
        "capital_inicial": 100000.0,