{
  "metadata": {
    "simulation_date": "2025-10-01T16:33:41.824320",
    "initial_capital": 100000.0,
    "transaction_cost_pct": 0.001,
    "total_tickers": 8,
    "total_simulations": 32
  },
  "results_by_ticker": {
    "PETR4.SA": {
      "model_prediction": {
        "ticker": "PETR4.SA",
        "label": "Modelo de Predição",
        "capital_inicial": 100043.73900000002,
        "capital_final": 110901.5542263654,
        "retorno_total": 10.853068202864137,
        "retorno_anual_pct": 10.944480219511421,
        "sharpe_ratio": 1.196717124995971,
        "sortino_ratio": 0.9698832261856516,
        "calmar_ratio": 1.401971188921814,
        "max_drawdown_pct": 7.806494388752934,
        "volatilidade_pct": 9.056276944235243,
        "win_rate_pct": 48.148148148148145
      },
      "model_simple": {
        "ticker": "PETR4.SA",
        "label": "Simulação Simples",
        "capital_inicial": 100000.0,
        "capital_final": 103537.06685228007,
        "retorno_total": 3.5370668522800797,
        "retorno_anual_pct": 3.565862026171751,
        "sharpe_ratio": 0.43091457758138835,
        "sortino_ratio": 0.3461424697430549,
        "calmar_ratio": 0.44864516700867785,
        "max_drawdown_pct": 7.948067400228517,
        "volatilidade_pct": 9.125038355226403,
        "win_rate_pct": 48.148148148148145
      },
      "buy_and_hold": {
        "ticker": "PETR4.SA",
        "label": "Buy and Hold",
        "capital_inicial": 100000.0,
        "capital_final": 117383.78592864318,
        "retorno_total": 17.38378592864318,
        "retorno_anual_pct": 17.45876647598339,
        "sharpe_ratio": 0.7714891618226246,
        "sortino_ratio": 1.0213926291829294,
        "calmar_ratio": 1.0330775205938558,
        "max_drawdown_pct": 16.89976417834294,
        "volatilidade_pct": 25.016569680101536,
        "win_rate_pct": 50.0
      }
    },
    "VALE3.SA": {
      "model_prediction": {
        "ticker": "VALE3.SA",
        "label": "Modelo de Predição",
        "capital_inicial": 100043.73900000002,
        "capital_final": 100034.50983124062,
        "retorno_total": -0.009225133778134609,
        "retorno_anual_pct": -0.00929893141690119,
        "sharpe_ratio": 0.07074721637959303,
        "sortino_ratio": 0.08190253644024596,
        "calmar_ratio": -0.0009972547766518125,
        "max_drawdown_pct": 9.324529332535727,
        "volatilidade_pct": 14.49596461366458,
        "win_rate_pct": 42.391304347826086
      },
      "model_simple": {
        "ticker": "VALE3.SA",
        "label": "Simulação Simples",
        "capital_inicial": 100000.0,
        "capital_final": 95783.37077138593,
        "retorno_total": -4.216629228614066,
        "retorno_anual_pct": -4.249635163467536,
        "sharpe_ratio": -0.2286600657311133,
        "sortino_ratio": -0.26777806432912626,
        "calmar_ratio": -0.4060085997443568,
        "max_drawdown_pct": 10.466859978195824,
        "volatilidade_pct": 14.525081000549452,
        "win_rate_pct": 41.30434782608695
      },
      "buy_and_hold": {
        "ticker": "VALE3.SA",
        "label": "Buy and Hold",
        "capital_inicial": 100000.0,
        "capital_final": 77351.39470303607,
        "retorno_total": -22.64860529696393,
        "retorno_anual_pct": -22.72770718886147,
        "sharpe_ratio": -1.006382247033826,
        "sortino_ratio": -1.7904369972563687,
        "calmar_ratio": -0.9567695593171174,
        "max_drawdown_pct": 23.75463032611854,
        "volatilidade_pct": 23.0884031254387,
        "win_rate_pct": 40.400000000000006
      }
    },
    "BBDC4.SA": {
      "model_prediction": {
        "ticker": "BBDC4.SA",
        "label": "Modelo de Predição",
        "capital_inicial": 100043.73900000002,
        "capital_final": 123629.3079578042,
        "retorno_total": 23.575257375980495,
        "retorno_anual_pct": 23.7847021051266,
        "sharpe_ratio": 1.603455337658689,
        "sortino_ratio": 2.221175322375619,
        "calmar_ratio": 2.405973140537241,
        "max_drawdown_pct": 9.885688956534072,
        "volatilidade_pct": 13.961299515355085,
        "win_rate_pct": 54.054054054054056
      },
      "model_simple": {
        "ticker": "BBDC4.SA",
        "label": "Simulação Simples",
        "capital_inicial": 100000.0,
        "capital_final": 116927.2493749033,
        "retorno_total": 16.927249374903308,
        "retorno_anual_pct": 17.07362322451118,
        "sharpe_ratio": 1.1971639080328542,
        "sortino_ratio": 1.6499027864863423,
        "calmar_ratio": 1.7269613965137853,
        "max_drawdown_pct": 9.886511220793748,
        "volatilidade_pct": 14.02897210566072,
        "win_rate_pct": 49.549549549549546
      },
      "buy_and_hold": {
        "ticker": "BBDC4.SA",
        "label": "Buy and Hold",
        "capital_inicial": 100000.0,
        "capital_final": 73345.80009197087,
        "retorno_total": -26.65419990802913,
        "retorno_anual_pct": -26.744726042664023,
        "sharpe_ratio": -1.0044334133942063,
        "sortino_ratio": -1.098557853322212,
        "calmar_ratio": -0.9640607906177172,
        "max_drawdown_pct": 27.7417423288499,
        "volatilidade_pct": 27.268443406948716,
        "win_rate_pct": 46.800000000000004
      }
    },
    "ITUB4.SA": {
      "model_prediction": {
        "ticker": "ITUB4.SA",
        "label": "Modelo de Predição",
        "capital_inicial": 100043.73900000002,
        "capital_final": 109769.32794860037,
        "retorno_total": 9.721336933039204,
        "retorno_anual_pct": 9.80280116465375,
        "sharpe_ratio": 0.9690557688315729,
        "sortino_ratio": 0.9250777251716407,
        "calmar_ratio": 0.8931840701992417,
        "max_drawdown_pct": 10.975118670071051,
        "volatilidade_pct": 10.227737941840203,
        "win_rate_pct": 51.89873417721519
      },
      "model_simple": {
        "ticker": "ITUB4.SA",
        "label": "Simulação Simples",
        "capital_inicial": 100000.0,
        "capital_final": 102174.872479675,
        "retorno_total": 2.174872479675005,
        "retorno_anual_pct": 2.1924608190593498,
        "sharpe_ratio": 0.2361436721043164,
        "sortino_ratio": 0.21738919472176138,
        "calmar_ratio": 0.15227275891498604,
        "max_drawdown_pct": 14.398247163062184,
        "volatilidade_pct": 12.537078202172703,
        "win_rate_pct": 51.89873417721519
      },
      "buy_and_hold": {
        "ticker": "ITUB4.SA",
        "label": "Buy and Hold",
        "capital_inicial": 100000.0,
        "capital_final": 98317.21066214197,
        "retorno_total": -1.6827893378580372,
        "retorno_anual_pct": -1.6894367240500197,
        "sharpe_ratio": -0.0015325068342512116,
        "sortino_ratio": -0.002384137613784716,
        "calmar_ratio": -0.1025314033304946,
        "max_drawdown_pct": 16.477261299198002,
        "volatilidade_pct": 18.38064268833971,
        "win_rate_pct": 48.4
      }
    },
    "BBAS3.SA": {
      "model_prediction": {
        "ticker": "BBAS3.SA",
        "label": "Modelo de Predição",
        "capital_inicial": 100043.73900000002,
        "capital_final": 109702.73452162638,
        "retorno_total": 9.654772620629814,
        "retorno_anual_pct": 9.735654683687534,
        "sharpe_ratio": 1.1485479618445908,
        "sortino_ratio": 0.8901191313002096,
        "calmar_ratio": 1.8394666469881815,
        "max_drawdown_pct": 5.292650834212209,
        "volatilidade_pct": 8.431455114399027,
        "win_rate_pct": 55.172413793103445
      },
      "model_simple": {
        "ticker": "BBAS3.SA",
        "label": "Simulação Simples",
        "capital_inicial": 100000.0,
        "capital_final": 104165.27351565368,
        "retorno_total": 4.165273515653678,
        "retorno_anual_pct": 4.19928579599218,
        "sharpe_ratio": 0.5128393655011538,
        "sortino_ratio": 0.40677789036539636,
        "calmar_ratio": 0.6046889234138965,
        "max_drawdown_pct": 6.944538974327896,
        "volatilidade_pct": 8.807105889158507,