{
  "metadata": {
    "simulation_date": "2025-10-01T15:21:08.382577",
    "initial_capital": 100000.0,
    "transaction_cost_pct": 0.001,
    "total_tickers": 8,
    "total_simulations": 32
  },
  "results_by_ticker": {
    "PETR4.SA": {
      "model_prediction": {
        "ticker": "PETR4.SA",
        "label": "Modelo de Predição",
        "capital_inicial": 100043.73900000002,
        "capital_final": 133121.36606152458,
        "retorno_total": 33.06316556353872,
        "retorno_anual_pct": 33.367593221605205,
        "sharpe_ratio": 2.1989005878500154,
        "sortino_ratio": 2.770056309971679,
        "calmar_ratio": 4.995329726306957,
        "max_drawdown_pct": 6.679757903843885,
        "volatilidade_pct": 13.564844674852756,
        "win_rate_pct": 52.4390243902439
      },
      "model_simple": {
        "ticker": "PETR4.SA",
        "label": "Simulação Simples",
        "capital_inicial": 100000.0,
        "capital_final": 126844.78388279,
        "retorno_total": 26.84478388278999,
        "retorno_anual_pct": 27.08631695724426,
        "sharpe_ratio": 1.8343113309188521,
        "sortino_ratio": 2.3290723979428094,
        "calmar_ratio": 4.0186460682136165,
        "max_drawdown_pct": 6.740159869138407,
        "volatilidade_pct": 13.621625244926772,
        "win_rate_pct": 52.4390243902439
      },
      "buy_and_hold": {
        "ticker": "PETR4.SA",
        "label": "Buy and Hold",
        "capital_inicial": 100000.0,
        "capital_final": 117383.78592864318,
        "retorno_total": 17.38378592864318,
        "retorno_anual_pct": 17.45876647598339,
        "sharpe_ratio": 0.7714891618226246,
        "sortino_ratio": 1.0213926291829294,
        "calmar_ratio": 1.0330775205938558,
        "max_drawdown_pct": 16.89976417834294,
        "volatilidade_pct": 25.016569680101536,
        "win_rate_pct": 50.0
      }
    },
    "VALE3.SA": {
      "model_prediction": {
        "ticker": "VALE3.SA",
        "label": "Modelo de Predição",
        "capital_inicial": 100043.73900000002,
        "capital_final": 97878.68083451189,
        "retorno_total": -2.164111604713337,
        "retorno_anual_pct": -2.181234297659451,
        "sharpe_ratio": -0.09949541024213013,
        "sortino_ratio": -0.10081723124227149,
        "calmar_ratio": -0.23926870297447586,
        "max_drawdown_pct": 9.116254113234925,
        "volatilidade_pct": 13.375456998458358,
        "win_rate_pct": 45.33333333333333
      },
      "model_simple": {
        "ticker": "VALE3.SA",
        "label": "Simulação Simples",
        "capital_inicial": 100000.0,
        "capital_final": 91732.03453067807,
        "retorno_total": -8.267965469321936,
        "retorno_anual_pct": -8.331274328746508,
        "sharpe_ratio": -0.5855971907702313,
        "sortino_ratio": -0.5969659935403406,
        "calmar_ratio": -0.6565172660356665,
        "max_drawdown_pct": 12.690106962539346,
        "volatilidade_pct": 13.398577998758926,
        "win_rate_pct": 42.66666666666667
      },
      "buy_and_hold": {
        "ticker": "VALE3.SA",
        "label": "Buy and Hold",
        "capital_inicial": 100000.0,
        "capital_final": 77351.39470303607,
        "retorno_total": -22.64860529696393,
        "retorno_anual_pct": -22.72770718886147,
        "sharpe_ratio": -1.006382247033826,
        "sortino_ratio": -1.7904369972563687,
        "calmar_ratio": -0.9567695593171174,
        "max_drawdown_pct": 23.75463032611854,
        "volatilidade_pct": 23.0884031254387,
        "win_rate_pct": 40.400000000000006
      }
    },
    "BBDC4.SA": {
      "model_prediction": {
        "ticker": "BBDC4.SA",
        "label": "Modelo de Predição",
        "capital_inicial": 100043.73900000002,
        "capital_final": 128321.05197425952,
        "retorno_total": 28.26495016770565,
        "retorno_anual_pct": 28.520634429242932,
        "sharpe_ratio": 1.8131762004826057,
        "sortino_ratio": 2.536092989145349,
        "calmar_ratio": 2.885042918345272,
        "max_drawdown_pct": 9.885688094235027,
        "volatilidade_pct": 14.468593382201373,
        "win_rate_pct": 56.52173913043478
      },
      "model_simple": {
        "ticker": "BBDC4.SA",
        "label": "Simulação Simples",
        "capital_inicial": 100000.0,
        "capital_final": 123951.4892353934,
        "retorno_total": 23.95148923539341,
        "retorno_anual_pct": 24.164591208736375,
        "sharpe_ratio": 1.570479613300714,
        "sortino_ratio": 2.197275193465541,
        "calmar_ratio": 2.4441980258832205,
        "max_drawdown_pct": 9.886511220793743,
        "volatilidade_pct": 14.500873286841834,
        "win_rate_pct": 52.89855072463768
      },
      "buy_and_hold": {
        "ticker": "BBDC4.SA",
        "label": "Buy and Hold",
        "capital_inicial": 100000.0,
        "capital_final": 73345.80009197087,
        "retorno_total": -26.65419990802913,
        "retorno_anual_pct": -26.744726042664023,
        "sharpe_ratio": -1.0044334133942063,
        "sortino_ratio": -1.098557853322212,
        "calmar_ratio": -0.9640607906177172,
        "max_drawdown_pct": 27.7417423288499,
        "volatilidade_pct": 27.268443406948716,
        "win_rate_pct": 46.800000000000004
      }
    },
    "ITUB4.SA": {
      "model_prediction": {
        "ticker": "ITUB4.SA",
        "label": "Modelo de Predição",
        "capital_inicial": 100043.73900000002,
        "capital_final": 110724.73191465632,
        "retorno_total": 10.67632319765288,
        "retorno_anual_pct": 10.766175478003914,
        "sharpe_ratio": 378.318306356837,
        "sortino_ratio": 0,
        "calmar_ratio": 0,
        "max_drawdown_pct": 0.0,
        "volatilidade_pct": 0.027141923437186563,
        "win_rate_pct": 0.0
      },
      "model_simple": {
        "ticker": "ITUB4.SA",
        "label": "Simulação Simples",
        "capital_inicial": 100000.0,
        "capital_final": 100000.0,
        "retorno_total": 0.0,
        "retorno_anual_pct": 0.0,
        "sharpe_ratio": -Infinity,
        "sortino_ratio": 0,
        "calmar_ratio": 0,
        "max_drawdown_pct": 0.0,
        "volatilidade_pct": 0.0,
        "win_rate_pct": 0.0
      },
      "buy_and_hold": {
        "ticker": "ITUB4.SA",
        "label": "Buy and Hold",
        "capital_inicial": 100000.0,
        "capital_final": 98317.21066214197,
        "retorno_total": -1.6827893378580372,
        "retorno_anual_pct": -1.6894367240500197,
        "sharpe_ratio": -0.0015325068342512116,
        "sortino_ratio": -0.002384137613784716,
        "calmar_ratio": -0.1025314033304946,
        "max_drawdown_pct": 16.477261299198002,
        "volatilidade_pct": 18.38064268833971,
        "win_rate_pct": 48.4
      }
    },
    "BBAS3.SA": {
      "model_prediction": {
        "ticker": "BBAS3.SA",
        "label": "Modelo de Predição",
        "capital_inicial": 100043.73900000002,
        "capital_final": 123585.64319980462,
        "retorno_total": 23.53161170815956,
        "retorno_anual_pct": 23.74063276844631,
        "sharpe_ratio": 2.6377880963258176,
        "sortino_ratio": 1.7692753810069632,
        "calmar_ratio": 7.472431223431811,
        "max_drawdown_pct": 3.1770961897917767,
        "volatilidade_pct": 8.23970618234658,
        "win_rate_pct": 63.829787234042556
      },
      "model_simple": {
        "ticker": "BBAS3.SA",
        "label": "Simulação Simples",
        "capital_inicial": 100000.0,
        "capital_final": 115809.4128752336,
        "retorno_total": 15.809412875233587,
        "retorno_anual_pct": 15.945476768506794,
        "sharpe_ratio": 1.8123366979594722,
        "sortino_ratio": 1.1884475940890442,
        "calmar_ratio": 5.015930493945916,
        "max_drawdown_pct": 3.1789668512656877,
        "volatilidade_pct": 8.39219433103727,
        "win_rate_pct": 63.829787234042556
      },
      "buy_and_hold": {
        "ticker": "BBAS3.SA",
        "label": "Buy and Hold",
        "capital_inicial": 100000.0,
        "capital_final": 95679.13605531957,