{
  "metadata": {
    "simulation_date": "2025-09-29T17:00:08.692237",
    "initial_capital": 200000.0,
    "transaction_cost_pct": 0.001,
    "total_tickers": 9,
    "total_simulations": 36
  },
  "results_by_ticker": {
    "ABEV3.SA": {
      "model_prediction": {
        "ticker": "ABEV3.SA",
        "label": "Modelo de Predição",
        "capital_inicial": 200000.0,
        "capital_final": 198891.03790539413,
        "retorno_total": -0.5544810473029349,
        "retorno_anual_pct": -0.5589044765368478,
        "sharpe_ratio": 0.006784617294281609,
        "sortino_ratio": 0.005581175002694307,
        "calmar_ratio": -0.037777647248596474,
        "max_drawdown_pct": 14.794581379273492,
        "volatilidade_pct": 11.311681869786502,
        "win_rate_pct": 49.473684210526315
      },
      "model_simple": {
        "ticker": "ABEV3.SA",
        "label": "Simulação Simples",
        "capital_inicial": 200000.0,
        "capital_final": 206050.81618128548,
        "retorno_total": 3.025408090642734,
        "retorno_anual_pct": 3.0499767707514724,
        "sharpe_ratio": 0.294967582491717,
        "sortino_ratio": 0.2697375417197942,
        "calmar_ratio": 0.18743228593581468,
        "max_drawdown_pct": 16.27241942615971,
        "volatilidade_pct": 13.131123658308145,
        "win_rate_pct": 47.368421052631575
      },
      "buy_and_hold": {
        "ticker": "ABEV3.SA",
        "label": "Buy and Hold",
        "capital_inicial": 200000.0,
        "capital_final": 180701.29197560227,
        "retorno_total": -9.649354012198863,
        "retorno_anual_pct": -9.68587277529711,
        "sharpe_ratio": -0.40074044817287446,
        "sortino_ratio": -0.541980789323025,
        "calmar_ratio": -0.49916688072336607,
        "max_drawdown_pct": 19.40407737240271,
        "volatilidade_pct": 20.355644058466158,
        "win_rate_pct": 46.0
      }
    },
    "B3SA3.SA": {
      "model_prediction": {
        "ticker": "B3SA3.SA",
        "label": "Modelo de Predição",
        "capital_inicial": 200000.0,
        "capital_final": 179265.71590965163,
        "retorno_total": -10.367142045174182,
        "retorno_anual_pct": -10.445588947126904,
        "sharpe_ratio": -0.7732731076820634,
        "sortino_ratio": -0.6772825475723331,
        "calmar_ratio": -0.5804079278620947,
        "max_drawdown_pct": 17.99697841068908,
        "volatilidade_pct": 13.19825622615673,
        "win_rate_pct": 53.96825396825397
      },
      "model_simple": {
        "ticker": "B3SA3.SA",
        "label": "Simulação Simples",
        "capital_inicial": 200000.0,
        "capital_final": 180750.25084662082,
        "retorno_total": -9.62487457668959,
        "retorno_anual_pct": -9.698013475382572,
        "sharpe_ratio": -0.5771780023473109,
        "sortino_ratio": -0.5633310334985189,
        "calmar_ratio": -0.4727014484790266,
        "max_drawdown_pct": 20.516149266280205,
        "volatilidade_pct": 15.63326575736551,
        "win_rate_pct": 55.55555555555556
      },
      "buy_and_hold": {
        "ticker": "B3SA3.SA",
        "label": "Buy and Hold",
        "capital_inicial": 200000.0,
        "capital_final": 149551.21888492402,
        "retorno_total": -25.22439055753799,
        "retorno_anual_pct": -25.310936676535988,
        "sharpe_ratio": -0.9181851192869608,
        "sortino_ratio": -1.4632680358875503,
        "calmar_ratio": -0.7398142204969136,
        "max_drawdown_pct": 34.21255766013162,
        "volatilidade_pct": 27.71794463219498,
        "win_rate_pct": 49.2
      }
    },
    "BBAS3.SA": {
      "model_prediction": {
        "ticker": "BBAS3.SA",
        "label": "Modelo de Predição",
        "capital_inicial": 200000.0,
        "capital_final": 191578.36347212724,
        "retorno_total": -4.210818263936378,
        "retorno_anual_pct": -4.243779728067554,
        "sharpe_ratio": -0.6397567707032733,
        "sortino_ratio": -0.37360192913838264,
        "calmar_ratio": -0.5368483495333074,
        "max_drawdown_pct": 7.904987938878369,
        "volatilidade_pct": 6.476369873604465,
        "win_rate_pct": 52.94117647058824
      },
      "model_simple": {
        "ticker": "BBAS3.SA",
        "label": "Simulação Simples",
        "capital_inicial": 200000.0,
        "capital_final": 186915.12215975253,
        "retorno_total": -6.542438920123739,
        "retorno_anual_pct": -6.593013991631347,
        "sharpe_ratio": -0.7841983529400645,
        "sortino_ratio": -0.47942603583546395,
        "calmar_ratio": -0.6288653463609181,
        "max_drawdown_pct": 10.483983621904787,
        "volatilidade_pct": 8.29136351202482,
        "win_rate_pct": 52.94117647058824
      },
      "buy_and_hold": {
        "ticker": "BBAS3.SA",
        "label": "Buy and Hold",
        "capital_inicial": 200000.0,
        "capital_final": 191358.27211063914,
        "retorno_total": -4.320863944680431,
        "retorno_anual_pct": -4.337699675634998,
        "sharpe_ratio": -0.17594236199285773,
        "sortino_ratio": -0.25411692712941314,
        "calmar_ratio": -0.2684132960179686,
        "max_drawdown_pct": 16.160524608827934,
        "volatilidade_pct": 17.04757031834731,
        "win_rate_pct": 52.800000000000004
      }
    },
    "BBDC4.SA": {
      "model_prediction": {
        "ticker": "BBDC4.SA",
        "label": "Modelo de Predição",
        "capital_inicial": 200000.0,
        "capital_final": 206886.86831286259,
        "retorno_total": 3.443434156431291,
        "retorno_anual_pct": 3.471454361417714,
        "sharpe_ratio": 0.2686479144082617,
        "sortino_ratio": 0.2166749994201848,
        "calmar_ratio": 0.21996009695010366,
        "max_drawdown_pct": 15.78220054251562,
        "volatilidade_pct": 21.634771856386678,
        "win_rate_pct": 52.98507462686567
      },
      "model_simple": {
        "ticker": "BBDC4.SA",
        "label": "Simulação Simples",
        "capital_inicial": 200000.0,
        "capital_final": 203924.60435245495,
        "retorno_total": 1.9623021762274817,
        "retorno_anual_pct": 1.9781548533472693,
        "sharpe_ratio": 0.20719281998478026,
        "sortino_ratio": 0.15499308366578207,
        "calmar_ratio": 0.10166359475463241,
        "max_drawdown_pct": 19.457848781774782,
        "volatilidade_pct": 24.38426359208466,
        "win_rate_pct": 52.23880597014925
      },
      "buy_and_hold": {
        "ticker": "BBDC4.SA",
        "label": "Buy and Hold",
        "capital_inicial": 200000.0,
        "capital_final": 146691.60018394174,
        "retorno_total": -26.65419990802913,
        "retorno_anual_pct": -26.744726042664023,
        "sharpe_ratio": -1.0044334133942063,
        "sortino_ratio": -1.098557853322212,
        "calmar_ratio": -0.9640607906177172,
        "max_drawdown_pct": 27.7417423288499,
        "volatilidade_pct": 27.268443406948716,
        "win_rate_pct": 46.800000000000004
      }
    },
    "final_labels_teste_para_descobrir_desbalanceamento": {
      "model_prediction": {
        "ticker": "final_labels_teste_para_descobrir_desbalanceamento",
        "label": "Modelo de Predição",
        "capital_inicial": 200000.0,
        "capital_final": 187697.7819399327,
        "retorno_total": -6.151109030033652,
        "retorno_anual_pct": -6.198760332782738,
        "sharpe_ratio": -1.0022230251542597,
        "sortino_ratio": -0.4388423135060284,
        "calmar_ratio": -0.5850881320320014,
        "max_drawdown_pct": 10.594575403972982,
        "volatilidade_pct": 6.215653622655772,
        "win_rate_pct": 44.73684210526316
      },
      "model_simple": {
        "ticker": "final_labels_teste_para_descobrir_desbalanceamento",
        "label": "Simulação Simples",
        "capital_inicial": 200000.0,
        "capital_final": 181701.732525428,
        "retorno_total": -9.149133737285997,
        "retorno_anual_pct": -9.21884472571236,
        "sharpe_ratio": -1.0018655927148574,
        "sortino_ratio": -0.42510130306779037,
        "calmar_ratio": -0.5721577903454258,