{
  "metadata": {
    "simulation_date": "2025-09-29T18:43:48.748585",
    "initial_capital": 100000.0,
    "transaction_cost_pct": 0.001,
    "total_tickers": 8,
    "total_simulations": 32
  },
  "results_by_ticker": {
    "ABEV3.SA": {
      "model_prediction": {
        "ticker": "ABEV3.SA",
        "label": "Modelo de Predição",
        "capital_inicial": 100000.0,
        "capital_final": 95176.04001645374,
        "retorno_total": -4.823959983546255,
        "retorno_anual_pct": -4.861598056397199,
        "sharpe_ratio": -0.4286529356079677,
        "sortino_ratio": -0.2762128942576736,
        "calmar_ratio": -0.6153085522765958,
        "max_drawdown_pct": 7.901073434473889,
        "volatilidade_pct": 10.403777963259108,
        "win_rate_pct": 53.75
      },
      "model_simple": {
        "ticker": "ABEV3.SA",
        "label": "Simulação Simples",
        "capital_inicial": 100000.0,
        "capital_final": 104386.0856977658,
        "retorno_total": 4.386085697765796,
        "retorno_anual_pct": 4.421939039060252,
        "sharpe_ratio": 0.4136383711423553,
        "sortino_ratio": 0.30885337236811283,
        "calmar_ratio": 0.685050604030736,
        "max_drawdown_pct": 6.454908605352975,
        "volatilidade_pct": 12.340819471194123,
        "win_rate_pct": 52.5
      },
      "buy_and_hold": {
        "ticker": "ABEV3.SA",
        "label": "Buy and Hold",
        "capital_inicial": 100000.0,
        "capital_final": 90350.64598780114,
        "retorno_total": -9.649354012198863,
        "retorno_anual_pct": -9.68587277529711,
        "sharpe_ratio": -0.40074044817287446,
        "sortino_ratio": -0.541980789323025,
        "calmar_ratio": -0.49916688072336607,
        "max_drawdown_pct": 19.40407737240271,
        "volatilidade_pct": 20.355644058466158,
        "win_rate_pct": 46.0
      }
    },
    "B3SA3.SA": {
      "model_prediction": {
        "ticker": "B3SA3.SA",
        "label": "Modelo de Predição",
        "capital_inicial": 100000.0,
        "capital_final": 102547.34597462104,
        "retorno_total": 2.5473459746210514,
        "retorno_anual_pct": 2.5679842014745047,
        "sharpe_ratio": 0.2977945553754099,
        "sortino_ratio": 0.20957622566502043,
        "calmar_ratio": 0.35287622212316627,
        "max_drawdown_pct": 7.277294531276713,
        "volatilidade_pct": 10.324092227757063,
        "win_rate_pct": 53.84615384615385
      },
      "model_simple": {
        "ticker": "B3SA3.SA",
        "label": "Simulação Simples",
        "capital_inicial": 100000.0,
        "capital_final": 106283.97243419613,
        "retorno_total": 6.283972434196117,
        "retorno_anual_pct": 6.3358042965881545,
        "sharpe_ratio": 0.5380061469483463,
        "sortino_ratio": 0.41084597530361633,
        "calmar_ratio": 0.7898624809883624,
        "max_drawdown_pct": 8.021401761810615,
        "volatilidade_pct": 13.026700729863244,
        "win_rate_pct": 58.97435897435898
      },
      "buy_and_hold": {
        "ticker": "B3SA3.SA",
        "label": "Buy and Hold",
        "capital_inicial": 100000.0,
        "capital_final": 74775.60944246201,
        "retorno_total": -25.22439055753799,
        "retorno_anual_pct": -25.310936676535988,
        "sharpe_ratio": -0.9181851192869608,
        "sortino_ratio": -1.4632680358875503,
        "calmar_ratio": -0.7398142204969136,
        "max_drawdown_pct": 34.21255766013162,
        "volatilidade_pct": 27.71794463219498,
        "win_rate_pct": 49.2
      }
    },
    "BBAS3.SA": {
      "model_prediction": {
        "ticker": "BBAS3.SA",
        "label": "Modelo de Predição",
        "capital_inicial": 100000.0,
        "capital_final": 98203.58323331056,
        "retorno_total": -1.7964167666894348,
        "retorno_anual_pct": -1.8106572037129842,
        "sharpe_ratio": -0.5465564328999853,
        "sortino_ratio": -0.33140307517707684,
        "calmar_ratio": -0.7068456199110801,
        "max_drawdown_pct": 2.5616020708181817,
        "volatilidade_pct": 3.259762363697071,
        "win_rate_pct": 43.333333333333336
      },
      "model_simple": {
        "ticker": "BBAS3.SA",
        "label": "Simulação Simples",
        "capital_inicial": 100000.0,
        "capital_final": 97304.90390685936,
        "retorno_total": -2.6950960931406476,
        "retorno_anual_pct": -2.7163613502698247,
        "sharpe_ratio": -0.44239302933997654,
        "sortino_ratio": -0.2413197072412119,
        "calmar_ratio": -0.5757545038968005,
        "max_drawdown_pct": 4.717915937930225,
        "volatilidade_pct": 5.862241324747595,
        "win_rate_pct": 46.666666666666664
      },
      "buy_and_hold": {
        "ticker": "BBAS3.SA",
        "label": "Buy and Hold",
        "capital_inicial": 100000.0,
        "capital_final": 95679.13605531957,
        "retorno_total": -4.320863944680431,
        "retorno_anual_pct": -4.337699675634998,
        "sharpe_ratio": -0.17594236199285773,
        "sortino_ratio": -0.25411692712941314,
        "calmar_ratio": -0.2684132960179686,
        "max_drawdown_pct": 16.160524608827934,
        "volatilidade_pct": 17.04757031834731,
        "win_rate_pct": 52.800000000000004
      }
    },
    "BBDC4.SA": {
      "model_prediction": {
        "ticker": "BBDC4.SA",
        "label": "Modelo de Predição",
        "capital_inicial": 100000.0,
        "capital_final": 91254.64592882716,
        "retorno_total": -8.745354071172839,
        "retorno_anual_pct": -8.812139906438855,
        "sharpe_ratio": -0.3303017269439008,
        "sortino_ratio": -0.28009329846870584,
        "calmar_ratio": -0.42531577934214376,
        "max_drawdown_pct": 20.719052371085343,
        "volatilidade_pct": 21.131168773665784,
        "win_rate_pct": 49.6551724137931
      },
      "model_simple": {
        "ticker": "BBDC4.SA",
        "label": "Simulação Simples",
        "capital_inicial": 100000.0,
        "capital_final": 88151.40967360255,
        "retorno_total": -11.848590326397446,
        "retorno_anual_pct": -11.937482692851242,
        "sharpe_ratio": -0.4057755996243685,
        "sortino_ratio": -0.32269446757868436,
        "calmar_ratio": -0.48655283787411513,
        "max_drawdown_pct": 24.534812590980724,
        "volatilidade_pct": 24.041708062813935,
        "win_rate_pct": 48.275862068965516
      },
      "buy_and_hold": {
        "ticker": "BBDC4.SA",
        "label": "Buy and Hold",
        "capital_inicial": 100000.0,
        "capital_final": 73345.80009197087,
        "retorno_total": -26.65419990802913,
        "retorno_anual_pct": -26.744726042664023,
        "sharpe_ratio": -1.0044334133942063,
        "sortino_ratio": -1.098557853322212,
        "calmar_ratio": -0.9640607906177172,
        "max_drawdown_pct": 27.7417423288499,
        "volatilidade_pct": 27.268443406948716,
        "win_rate_pct": 46.800000000000004
      }
    },
    "ITUB4.SA": {
      "model_prediction": {
        "ticker": "ITUB4.SA",
        "label": "Modelo de Predição",
        "capital_inicial": 100000.0,
        "capital_final": 100000.0,
        "retorno_total": 0.0,
        "retorno_anual_pct": 0.0,
        "sharpe_ratio": -Infinity,
        "sortino_ratio": 0,
        "calmar_ratio": 0,
        "max_drawdown_pct": 0.0,
        "volatilidade_pct": 0.0,
        "win_rate_pct": 0.0
      },
      "model_simple": {
        "ticker": "ITUB4.SA",
        "label": "Simulação Simples",
        "capital_inicial": 100000.0,
        "capital_final": 100000.0,
        "retorno_total": 0.0,
        "retorno_anual_pct": 0.0,
        "sharpe_ratio": -Infinity,
        "sortino_ratio": 0,
        "calmar_ratio": 0,
        "max_drawdown_pct": 0.0,
        "volatilidade_pct": 0.0,
        "win_rate_pct": 0.0
      },
      "buy_and_hold": {
        "ticker": "ITUB4.SA",
        "label": "Buy and Hold",
        "capital_inicial": 100000.0,
        "capital_final": 98317.21066214197,
        "retorno_total": -1.6827893378580372,
        "retorno_anual_pct": -1.6894367240500197,