{
  "metadata": {
    "simulation_date": "2025-09-29T18:46:50.111159",
    "initial_capital": 100000.0,
    "transaction_cost_pct": 0.001,
    "total_tickers": 8,
    "total_simulations": 32
  },
  "results_by_ticker": {
    "ABEV3.SA": {
      "model_prediction": {
        "ticker": "ABEV3.SA",
        "label": "Modelo de Predição",
        "capital_inicial": 100000.0,
        "capital_final": 108487.74334912938,
        "retorno_total": 8.487743349129385,
        "retorno_anual_pct": 8.55847177662319,
        "sharpe_ratio": 0.5681292226703606,
        "sortino_ratio": 0.7313039704861061,
        "calmar_ratio": 0.714248116555409,
        "max_drawdown_pct": 11.982491207534395,
        "volatilidade_pct": 17.057889780052164,
        "win_rate_pct": 47.159090909090914
      },
      "model_simple": {
        "ticker": "ABEV3.SA",
        "label": "Simulação Simples",
        "capital_inicial": 100000.0,
        "capital_final": 108259.82015240326,
        "retorno_total": 8.259820152403252,
        "retorno_anual_pct": 8.328577344682575,
        "sharpe_ratio": 0.5545288493154308,
        "sortino_ratio": 0.7159619135102014,
        "calmar_ratio": 0.6949672313406626,
        "max_drawdown_pct": 11.984129566247175,
        "volatilidade_pct": 17.107054927155836,
        "win_rate_pct": 47.159090909090914
      },
      "buy_and_hold": {
        "ticker": "ABEV3.SA",
        "label": "Buy and Hold",
        "capital_inicial": 100000.0,
        "capital_final": 90350.64598780114,
        "retorno_total": -9.649354012198863,
        "retorno_anual_pct": -9.68587277529711,
        "sharpe_ratio": -0.40074044817287446,
        "sortino_ratio": -0.541980789323025,
        "calmar_ratio": -0.49916688072336607,
        "max_drawdown_pct": 19.40407737240271,
        "volatilidade_pct": 20.355644058466158,
        "win_rate_pct": 46.0
      }
    },
    "B3SA3.SA": {
      "model_prediction": {
        "ticker": "B3SA3.SA",
        "label": "Modelo de Predição",
        "capital_inicial": 100000.0,
        "capital_final": 98839.33478563697,
        "retorno_total": -1.1606652143630325,
        "retorno_anual_pct": -1.169896009564586,
        "sharpe_ratio": -0.07745312446767925,
        "sortino_ratio": -0.05528589341789944,
        "calmar_ratio": -0.14397434916779037,
        "max_drawdown_pct": 8.125725285975543,
        "volatilidade_pct": 9.492380252755877,
        "win_rate_pct": 58.82352941176471
      },
      "model_simple": {
        "ticker": "B3SA3.SA",
        "label": "Simulação Simples",
        "capital_inicial": 100000.0,
        "capital_final": 101813.87039992365,
        "retorno_total": 1.813870399923645,
        "retorno_anual_pct": 1.828513232442619,
        "sharpe_ratio": 0.2123750568047888,
        "sortino_ratio": 0.16091020126213892,
        "calmar_ratio": 0.1966894330514953,
        "max_drawdown_pct": 9.296448741930613,
        "volatilidade_pct": 11.811061242619816,
        "win_rate_pct": 58.82352941176471
      },
      "buy_and_hold": {
        "ticker": "B3SA3.SA",
        "label": "Buy and Hold",
        "capital_inicial": 100000.0,
        "capital_final": 74775.60944246201,
        "retorno_total": -25.22439055753799,
        "retorno_anual_pct": -25.310936676535988,
        "sharpe_ratio": -0.9181851192869608,
        "sortino_ratio": -1.4632680358875503,
        "calmar_ratio": -0.7398142204969136,
        "max_drawdown_pct": 34.21255766013162,
        "volatilidade_pct": 27.71794463219498,
        "win_rate_pct": 49.2
      }
    },
    "BBAS3.SA": {
      "model_prediction": {
        "ticker": "BBAS3.SA",
        "label": "Modelo de Predição",
        "capital_inicial": 100000.0,
        "capital_final": 98686.96564663309,
        "retorno_total": -1.3130343533669042,
        "retorno_anual_pct": -1.3234688103233139,
        "sharpe_ratio": -0.24638924151242275,
        "sortino_ratio": -0.14646798981717135,
        "calmar_ratio": -0.309494830258799,
        "max_drawdown_pct": 4.276222672981748,
        "volatilidade_pct": 4.935873401360917,
        "win_rate_pct": 54.054054054054056
      },
      "model_simple": {
        "ticker": "BBAS3.SA",
        "label": "Simulação Simples",
        "capital_inicial": 100000.0,
        "capital_final": 96475.86529932643,
        "retorno_total": -3.5241347006735757,
        "retorno_anual_pct": -3.5518210830212227,
        "sharpe_ratio": -0.4830710853402305,
        "sortino_ratio": -0.27467937823156896,
        "calmar_ratio": -0.553096762915701,
        "max_drawdown_pct": 6.4216992778939215,
        "volatilidade_pct": 7.007366604722498,
        "win_rate_pct": 54.054054054054056
      },
      "buy_and_hold": {
        "ticker": "BBAS3.SA",
        "label": "Buy and Hold",
        "capital_inicial": 100000.0,
        "capital_final": 95679.13605531957,
        "retorno_total": -4.320863944680431,
        "retorno_anual_pct": -4.337699675634998,
        "sharpe_ratio": -0.17594236199285773,
        "sortino_ratio": -0.25411692712941314,
        "calmar_ratio": -0.2684132960179686,
        "max_drawdown_pct": 16.160524608827934,
        "volatilidade_pct": 17.04757031834731,
        "win_rate_pct": 52.800000000000004
      }
    },
    "BBDC4.SA": {
      "model_prediction": {
        "ticker": "BBDC4.SA",
        "label": "Modelo de Predição",
        "capital_inicial": 100000.0,
        "capital_final": 96462.47597894355,
        "retorno_total": -3.5375240210564485,
        "retorno_anual_pct": -3.5653136373062777,
        "sharpe_ratio": -0.05953606213744519,
        "sortino_ratio": -0.04836468458331136,
        "calmar_ratio": -0.16499480173158915,
        "max_drawdown_pct": 21.608642211081726,
        "volatilidade_pct": 21.52988336165905,
        "win_rate_pct": 50.0
      },
      "model_simple": {
        "ticker": "BBDC4.SA",
        "label": "Simulação Simples",
        "capital_inicial": 100000.0,
        "capital_final": 93893.5649826701,
        "retorno_total": -6.106435017329903,
        "retorno_anual_pct": -6.153751706760346,
        "sharpe_ratio": -0.13553502896345243,
        "sortino_ratio": -0.10196110466544654,
        "calmar_ratio": -0.24334361270937147,
        "max_drawdown_pct": 25.2883222955593,
        "volatilidade_pct": 24.34663338481523,
        "win_rate_pct": 49.21875
      },
      "buy_and_hold": {
        "ticker": "BBDC4.SA",
        "label": "Buy and Hold",
        "capital_inicial": 100000.0,
        "capital_final": 73345.80009197087,
        "retorno_total": -26.65419990802913,
        "retorno_anual_pct": -26.744726042664023,
        "sharpe_ratio": -1.0044334133942063,
        "sortino_ratio": -1.098557853322212,
        "calmar_ratio": -0.9640607906177172,
        "max_drawdown_pct": 27.7417423288499,
        "volatilidade_pct": 27.268443406948716,
        "win_rate_pct": 46.800000000000004
      }
    },
    "ITUB4.SA": {
      "model_prediction": {
        "ticker": "ITUB4.SA",
        "label": "Modelo de Predição",
        "capital_inicial": 100000.0,
        "capital_final": 100000.0,
        "retorno_total": 0.0,
        "retorno_anual_pct": 0.0,
        "sharpe_ratio": -Infinity,
        "sortino_ratio": 0,
        "calmar_ratio": 0,
        "max_drawdown_pct": 0.0,
        "volatilidade_pct": 0.0,
        "win_rate_pct": 0.0
      },
      "model_simple": {
        "ticker": "ITUB4.SA",
        "label": "Simulação Simples",
        "capital_inicial": 100000.0,
        "capital_final": 100000.0,
        "retorno_total": 0.0,
        "retorno_anual_pct": 0.0,
        "sharpe_ratio": -Infinity,
        "sortino_ratio": 0,
        "calmar_ratio": 0,
        "max_drawdown_pct": 0.0,
        "volatilidade_pct": 0.0,
        "win_rate_pct": 0.0
      },
      "buy_and_hold": {
        "ticker": "ITUB4.SA",
        "label": "Buy and Hold",
        "capital_inicial": 100000.0,
        "capital_final": 98317.21066214197,
        "retorno_total": -1.6827893378580372,
        "retorno_anual_pct": -1.6894367240500197,