{
  "metadata": {
    "simulation_date": "2025-10-01T16:59:27.040168",
    "initial_capital": 100000.0,
    "transaction_cost_pct": 0.001,
    "total_tickers": 8,
    "total_simulations": 32
  },
  "results_by_ticker": {
    "PETR4.SA": {
      "model_prediction": {
        "ticker": "PETR4.SA",
        "label": "Modelo de Predição",
        "capital_inicial": 100000.0,
        "capital_final": 102279.0449373947,
        "retorno_total": 2.279044937394703,
        "retorno_anual_pct": 2.2974851602657775,
        "sharpe_ratio": 0.35487200362076854,
        "sortino_ratio": 0.2509785272374148,
        "calmar_ratio": 0.3633808144707636,
        "max_drawdown_pct": 6.322527411393167,
        "volatilidade_pct": 7.14067180632441,
        "win_rate_pct": 47.5
      },
      "model_simple": {
        "ticker": "PETR4.SA",
        "label": "Simulação Simples",
        "capital_inicial": 100000.0,
        "capital_final": 101345.38511105007,
        "retorno_total": 1.345385111050068,
        "retorno_anual_pct": 1.3562208510834228,
        "sharpe_ratio": 0.20873247730717212,
        "sortino_ratio": 0.13144611245915522,
        "calmar_ratio": 0.17063529821657353,
        "max_drawdown_pct": 7.948067400228538,
        "volatilidade_pct": 8.012400426263342,
        "win_rate_pct": 47.5
      },
      "buy_and_hold": {
        "ticker": "PETR4.SA",
        "label": "Buy and Hold",
        "capital_inicial": 100000.0,
        "capital_final": 117383.78592864318,
        "retorno_total": 17.38378592864318,
        "retorno_anual_pct": 17.45876647598339,
        "sharpe_ratio": 0.7714891618226246,
        "sortino_ratio": 1.0213926291829294,
        "calmar_ratio": 1.0330775205938558,
        "max_drawdown_pct": 16.89976417834294,
        "volatilidade_pct": 25.016569680101536,
        "win_rate_pct": 50.0
      }
    },
    "VALE3.SA": {
      "model_prediction": {
        "ticker": "VALE3.SA",
        "label": "Modelo de Predição",
        "capital_inicial": 100000.0,
        "capital_final": 96466.81174393391,
        "retorno_total": -3.5331882560660888,
        "retorno_anual_pct": -3.560944444482017,
        "sharpe_ratio": -0.20240975833887528,
        "sortino_ratio": -0.20247779306276206,
        "calmar_ratio": -0.31523085430644,
        "max_drawdown_pct": 11.296306804474085,
        "volatilidade_pct": 13.524125619271269,
        "win_rate_pct": 43.20987654320987
      },
      "model_simple": {
        "ticker": "VALE3.SA",
        "label": "Simulação Simples",
        "capital_inicial": 100000.0,
        "capital_final": 97021.98555654254,
        "retorno_total": -2.9780144434574662,
        "retorno_anual_pct": -3.001477403885733,
        "sharpe_ratio": -0.15821182973668638,
        "sortino_ratio": -0.1578892483468859,
        "calmar_ratio": -0.26695259867520904,
        "max_drawdown_pct": 11.243484494179864,
        "volatilidade_pct": 13.582109449666198,
        "win_rate_pct": 43.20987654320987
      },
      "buy_and_hold": {
        "ticker": "VALE3.SA",
        "label": "Buy and Hold",
        "capital_inicial": 100000.0,
        "capital_final": 77351.39470303607,
        "retorno_total": -22.64860529696393,
        "retorno_anual_pct": -22.72770718886147,
        "sharpe_ratio": -1.006382247033826,
        "sortino_ratio": -1.7904369972563687,
        "calmar_ratio": -0.9567695593171174,
        "max_drawdown_pct": 23.75463032611854,
        "volatilidade_pct": 23.0884031254387,
        "win_rate_pct": 40.400000000000006
      }
    },
    "BBDC4.SA": {
      "model_prediction": {
        "ticker": "BBDC4.SA",
        "label": "Modelo de Predição",
        "capital_inicial": 100000.0,
        "capital_final": 115485.47662045495,
        "retorno_total": 15.485476620454964,
        "retorno_anual_pct": 15.618569048962527,
        "sharpe_ratio": 1.1426023557877558,
        "sortino_ratio": 1.523607517280456,
        "calmar_ratio": 1.3269667320961014,
        "max_drawdown_pct": 11.770128573073679,
        "volatilidade_pct": 13.54050557475379,
        "win_rate_pct": 51.48514851485149
      },
      "model_simple": {
        "ticker": "BBDC4.SA",
        "label": "Simulação Simples",
        "capital_inicial": 100000.0,
        "capital_final": 115819.20772333974,
        "retorno_total": 15.819207723339733,
        "retorno_anual_pct": 15.955361578722638,
        "sharpe_ratio": 1.1518192474770348,
        "sortino_ratio": 1.5209236495119105,
        "calmar_ratio": 1.456584825206637,
        "max_drawdown_pct": 10.953952905872919,
        "volatilidade_pct": 13.70533799713955,
        "win_rate_pct": 50.495049504950494
      },
      "buy_and_hold": {
        "ticker": "BBDC4.SA",
        "label": "Buy and Hold",
        "capital_inicial": 100000.0,
        "capital_final": 73345.80009197087,
        "retorno_total": -26.65419990802913,
        "retorno_anual_pct": -26.744726042664023,
        "sharpe_ratio": -1.0044334133942063,
        "sortino_ratio": -1.098557853322212,
        "calmar_ratio": -0.9640607906177172,
        "max_drawdown_pct": 27.7417423288499,
        "volatilidade_pct": 27.268443406948716,
        "win_rate_pct": 46.800000000000004
      }
    },
    "ITUB4.SA": {
      "model_prediction": {
        "ticker": "ITUB4.SA",
        "label": "Modelo de Predição",
        "capital_inicial": 100000.0,
        "capital_final": 100000.0,
        "retorno_total": 0.0,
        "retorno_anual_pct": 0.0,
        "sharpe_ratio": -Infinity,
        "sortino_ratio": 0,
        "calmar_ratio": 0,
        "max_drawdown_pct": 0.0,
        "volatilidade_pct": 0.0,
        "win_rate_pct": 0.0
      },
      "model_simple": {
        "ticker": "ITUB4.SA",
        "label": "Simulação Simples",
        "capital_inicial": 100000.0,
        "capital_final": 100000.0,
        "retorno_total": 0.0,
        "retorno_anual_pct": 0.0,
        "sharpe_ratio": -Infinity,
        "sortino_ratio": 0,
        "calmar_ratio": 0,
        "max_drawdown_pct": 0.0,
        "volatilidade_pct": 0.0,
        "win_rate_pct": 0.0
      },
      "buy_and_hold": {
        "ticker": "ITUB4.SA",
        "label": "Buy and Hold",
        "capital_inicial": 100000.0,
        "capital_final": 98317.21066214197,
        "retorno_total": -1.6827893378580372,
        "retorno_anual_pct": -1.6894367240500197,
        "sharpe_ratio": -0.0015325068342512116,
        "sortino_ratio": -0.002384137613784716,
        "calmar_ratio": -0.1025314033304946,
        "max_drawdown_pct": 16.477261299198002,
        "volatilidade_pct": 18.38064268833971,
        "win_rate_pct": 48.4
      }
    },
    "BBAS3.SA": {
      "model_prediction": {
        "ticker": "BBAS3.SA",
        "label": "Modelo de Predição",
        "capital_inicial": 100000.0,
        "capital_final": 102171.01939671121,
        "retorno_total": 2.1710193967112046,
        "retorno_anual_pct": 2.1885762434435962,
        "sharpe_ratio": 0.3812128327080127,
        "sortino_ratio": 0.17561458312136027,
        "calmar_ratio": 0.4621256823052202,
        "max_drawdown_pct": 4.735889666478451,
        "volatilidade_pct": 6.205415791053286,
        "win_rate_pct": 55.55555555555556
      },
      "model_simple": {
        "ticker": "BBAS3.SA",
        "label": "Simulação Simples",
        "capital_inicial": 100000.0,
        "capital_final": 103045.87056151504,
        "retorno_total": 3.0458705615150405,
        "retorno_anual_pct": 3.0706078765454725,
        "sharpe_ratio": 0.5105325199395726,
        "sortino_ratio": 0.24569918550428863,
        "calmar_ratio": 0.6787464828925672,
        "max_drawdown_pct": 4.523939282100843,
        "volatilidade_pct": 6.34004953883541,
        "win_rate_pct": 55.55555555555556
      },
      "buy_and_hold": {
        "ticker": "BBAS3.SA",
        "label": "Buy and Hold",
        "capital_inicial": 100000.0,
        "capital_final": 95679.13605531957,
        "retorno_total": -4.320863944680431,
        "retorno_anual_pct": -4.337699675634998,