{
  "metadata": {
    "simulation_date": "2025-10-01T15:10:45.680626",
    "initial_capital": 100000.0,
    "transaction_cost_pct": 0.001,
    "total_tickers": 8,
    "total_simulations": 32
  },
  "results_by_ticker": {
    "PETR4.SA": {
      "model_prediction": {
        "ticker": "PETR4.SA",
        "label": "Modelo de Predição",
        "capital_inicial": 99956.51857593787,
        "capital_final": 125854.71706962938,
        "retorno_total": 25.909464297735042,
        "retorno_anual_pct": 26.141747496091217,
        "sharpe_ratio": 1.7044734573724003,
        "sortino_ratio": 2.7143048198345268,
        "calmar_ratio": 4.064533378080621,
        "max_drawdown_pct": 6.431672485965913,
        "volatilidade_pct": 14.271987940098423,
        "win_rate_pct": 48.24561403508772
      },
      "model_simple": {
        "ticker": "PETR4.SA",
        "label": "Simulação Simples",
        "capital_inicial": 99947.09294629154,
        "capital_final": 124458.81499081601,
        "retorno_total": 24.524697339317637,
        "retorno_anual_pct": 24.743389031822893,
        "sharpe_ratio": 1.4855959332673234,
        "sortino_ratio": 2.3805394533987654,
        "calmar_ratio": 3.1131327637095083,
        "max_drawdown_pct": 7.948067400228531,
        "volatilidade_pct": 15.770298887657418,
        "win_rate_pct": 49.122807017543856
      },
      "buy_and_hold": {
        "ticker": "PETR4.SA",
        "label": "Buy and Hold",
        "capital_inicial": 100000.0,
        "capital_final": 117383.78592864318,
        "retorno_total": 17.38378592864318,
        "retorno_anual_pct": 17.45876647598339,
        "sharpe_ratio": 0.7714891618226246,
        "sortino_ratio": 1.0213926291829294,
        "calmar_ratio": 1.0330775205938558,
        "max_drawdown_pct": 16.89976417834294,
        "volatilidade_pct": 25.016569680101536,
        "win_rate_pct": 50.0
      }
    },
    "VALE3.SA": {
      "model_prediction": {
        "ticker": "VALE3.SA",
        "label": "Modelo de Predição",
        "capital_inicial": 100043.73900000002,
        "capital_final": 101461.68317831252,
        "retorno_total": 1.4173242548566778,
        "retorno_anual_pct": 1.4287434670992472,
        "sharpe_ratio": 0.17714922860839571,
        "sortino_ratio": 0.16345950787572658,
        "calmar_ratio": 0.15197102937936754,
        "max_drawdown_pct": 9.401419947828698,
        "volatilidade_pct": 12.135087776267214,
        "win_rate_pct": 43.859649122807014
      },
      "model_simple": {
        "ticker": "VALE3.SA",
        "label": "Simulação Simples",
        "capital_inicial": 100000.0,
        "capital_final": 93826.69493549083,
        "retorno_total": -6.173305064509171,
        "retorno_anual_pct": -6.221122554292624,
        "sharpe_ratio": -0.4680018948492692,
        "sortino_ratio": -0.4364935279455458,
        "calmar_ratio": -0.5619927154515456,
        "max_drawdown_pct": 11.069756570232629,
        "volatilidade_pct": 12.20918963291397,
        "win_rate_pct": 42.10526315789473
      },
      "buy_and_hold": {
        "ticker": "VALE3.SA",
        "label": "Buy and Hold",
        "capital_inicial": 100000.0,
        "capital_final": 77351.39470303607,
        "retorno_total": -22.64860529696393,
        "retorno_anual_pct": -22.72770718886147,
        "sharpe_ratio": -1.006382247033826,
        "sortino_ratio": -1.7904369972563687,
        "calmar_ratio": -0.9567695593171174,
        "max_drawdown_pct": 23.75463032611854,
        "volatilidade_pct": 23.0884031254387,
        "win_rate_pct": 40.400000000000006
      }
    },
    "BBDC4.SA": {
      "model_prediction": {
        "ticker": "BBDC4.SA",
        "label": "Modelo de Predição",
        "capital_inicial": 100043.73900000002,
        "capital_final": 118923.8285094446,
        "retorno_total": 18.871835157465068,
        "retorno_anual_pct": 19.036349317648526,
        "sharpe_ratio": 1.2941337859531592,
        "sortino_ratio": 1.6576540337167116,
        "calmar_ratio": 1.3728102471233294,
        "max_drawdown_pct": 13.866701066326142,
        "volatilidade_pct": 14.301165111657301,
        "win_rate_pct": 53.90625
      },
      "model_simple": {
        "ticker": "BBDC4.SA",
        "label": "Simulação Simples",
        "capital_inicial": 100000.0,
        "capital_final": 115781.72757672254,
        "retorno_total": 15.781727576722538,
        "retorno_anual_pct": 15.917537226790923,
        "sharpe_ratio": 1.0953361777183446,
        "sortino_ratio": 1.4179821728619726,
        "calmar_ratio": 1.1477547478250993,
        "max_drawdown_pct": 13.868413314737618,
        "volatilidade_pct": 14.485472383096381,
        "win_rate_pct": 50.0
      },
      "buy_and_hold": {
        "ticker": "BBDC4.SA",
        "label": "Buy and Hold",
        "capital_inicial": 100000.0,
        "capital_final": 73345.80009197087,
        "retorno_total": -26.65419990802913,
        "retorno_anual_pct": -26.744726042664023,
        "sharpe_ratio": -1.0044334133942063,
        "sortino_ratio": -1.098557853322212,
        "calmar_ratio": -0.9640607906177172,
        "max_drawdown_pct": 27.7417423288499,
        "volatilidade_pct": 27.268443406948716,
        "win_rate_pct": 46.800000000000004
      }
    },
    "ITUB4.SA": {
      "model_prediction": {
        "ticker": "ITUB4.SA",
        "label": "Modelo de Predição",
        "capital_inicial": 100043.73900000002,
        "capital_final": 110724.73191465632,
        "retorno_total": 10.67632319765288,
        "retorno_anual_pct": 10.766175478003914,
        "sharpe_ratio": 378.318306356837,
        "sortino_ratio": 0,
        "calmar_ratio": 0,
        "max_drawdown_pct": 0.0,
        "volatilidade_pct": 0.027141923437186563,
        "win_rate_pct": 0.0
      },
      "model_simple": {
        "ticker": "ITUB4.SA",
        "label": "Simulação Simples",
        "capital_inicial": 100000.0,
        "capital_final": 100000.0,
        "retorno_total": 0.0,
        "retorno_anual_pct": 0.0,
        "sharpe_ratio": -Infinity,
        "sortino_ratio": 0,
        "calmar_ratio": 0,
        "max_drawdown_pct": 0.0,
        "volatilidade_pct": 0.0,
        "win_rate_pct": 0.0
      },
      "buy_and_hold": {
        "ticker": "ITUB4.SA",
        "label": "Buy and Hold",
        "capital_inicial": 100000.0,
        "capital_final": 98317.21066214197,
        "retorno_total": -1.6827893378580372,
        "retorno_anual_pct": -1.6894367240500197,
        "sharpe_ratio": -0.0015325068342512116,
        "sortino_ratio": -0.002384137613784716,
        "calmar_ratio": -0.1025314033304946,
        "max_drawdown_pct": 16.477261299198002,
        "volatilidade_pct": 18.38064268833971,
        "win_rate_pct": 48.4
      }
    },
    "BBAS3.SA": {
      "model_prediction": {
        "ticker": "BBAS3.SA",
        "label": "Modelo de Predição",
        "capital_inicial": 100043.73900000002,
        "capital_final": 110864.7656505693,
        "retorno_total": 10.816295710988255,
        "retorno_anual_pct": 10.907383030890806,
        "sharpe_ratio": 1.5107679763274848,
        "sortino_ratio": 0.7536090081089319,
        "calmar_ratio": 2.76227963610753,
        "max_drawdown_pct": 3.9486889337029463,
        "volatilidade_pct": 7.045436007996152,
        "win_rate_pct": 54.166666666666664
      },
      "model_simple": {
        "ticker": "BBAS3.SA",
        "label": "Simulação Simples",
        "capital_inicial": 100000.0,
        "capital_final": 101821.14894888908,
        "retorno_total": 1.821148948889073,
        "retorno_anual_pct": 1.8358510670705819,
        "sharpe_ratio": 0.29111990524765663,
        "sortino_ratio": 0.14540913282339063,
        "calmar_ratio": 0.40578272244667135,
        "max_drawdown_pct": 4.524221869283388,
        "volatilidade_pct": 7.1509794337844035,
        "win_rate_pct": 54.166666666666664
      },
      "buy_and_hold": {
        "ticker": "BBAS3.SA",
        "label": "Buy and Hold",
        "capital_inicial": 100000.0,