{
  "metadata": {
    "simulation_date": "2025-10-01T01:59:08.653538",
    "initial_capital": 100000.0,
    "transaction_cost_pct": 0.001,
    "total_tickers": 8,
    "total_simulations": 32
  },
  "results_by_ticker": {
    "ABEV3.SA": {
      "model_prediction": {
        "ticker": "ABEV3.SA",
        "label": "Modelo de Predição",
        "capital_inicial": 100043.73900000002,
        "capital_final": 106392.81329389596,
        "retorno_total": 6.346298486400981,
        "retorno_anual_pct": 6.398659742531754,
        "sharpe_ratio": 0.48076424100054016,
        "sortino_ratio": 0.4065268176214322,
        "calmar_ratio": 0.5399643581681659,
        "max_drawdown_pct": 11.85015204381131,
        "volatilidade_pct": 15.43517227092801,
        "win_rate_pct": 52.77777777777778
      },
      "model_simple": {
        "ticker": "ABEV3.SA",
        "label": "Simulação Simples",
        "capital_inicial": 100000.0,
        "capital_final": 102856.23457827265,
        "retorno_total": 2.856234578272643,
        "retorno_anual_pct": 2.879410325318088,
        "sharpe_ratio": 0.2619974771959285,
        "sortino_ratio": 0.22000755364005223,
        "calmar_ratio": 0.2243664515425764,
        "max_drawdown_pct": 12.833515463303048,
        "volatilidade_pct": 15.421439694203645,
        "win_rate_pct": 50.92592592592593
      },
      "buy_and_hold": {
        "ticker": "ABEV3.SA",
        "label": "Buy and Hold",
        "capital_inicial": 100000.0,
        "capital_final": 90350.64598780114,
        "retorno_total": -9.649354012198863,
        "retorno_anual_pct": -9.68587277529711,
        "sharpe_ratio": -0.40074044817287446,
        "sortino_ratio": -0.541980789323025,
        "calmar_ratio": -0.49916688072336607,
        "max_drawdown_pct": 19.40407737240271,
        "volatilidade_pct": 20.355644058466158,
        "win_rate_pct": 46.0
      }
    },
    "B3SA3.SA": {
      "model_prediction": {
        "ticker": "B3SA3.SA",
        "label": "Modelo de Predição",
        "capital_inicial": 100043.73900000002,
        "capital_final": 74595.30396052929,
        "retorno_total": -25.437309014880704,
        "retorno_anual_pct": -25.612194646428687,
        "sharpe_ratio": -1.4956449604452404,
        "sortino_ratio": -1.6490616711304356,
        "calmar_ratio": -0.9623133478533799,
        "max_drawdown_pct": 26.61523370070828,
        "volatilidade_pct": 18.681262042938272,
        "win_rate_pct": 47.540983606557376
      },
      "model_simple": {
        "ticker": "B3SA3.SA",
        "label": "Simulação Simples",
        "capital_inicial": 100000.0,
        "capital_final": 72260.35216355673,
        "retorno_total": -27.73964783644327,
        "retorno_anual_pct": -27.92721994421521,
        "sharpe_ratio": -1.6338621607198023,
        "sortino_ratio": -1.8082962467141912,
        "calmar_ratio": -0.9696178752826407,
        "max_drawdown_pct": 28.80229485876022,
        "volatilidade_pct": 19.004080607194368,
        "win_rate_pct": 45.90163934426229
      },
      "buy_and_hold": {
        "ticker": "B3SA3.SA",
        "label": "Buy and Hold",
        "capital_inicial": 100000.0,
        "capital_final": 74775.60944246201,
        "retorno_total": -25.22439055753799,
        "retorno_anual_pct": -25.310936676535988,
        "sharpe_ratio": -0.9181851192869608,
        "sortino_ratio": -1.4632680358875503,
        "calmar_ratio": -0.7398142204969136,
        "max_drawdown_pct": 34.21255766013162,
        "volatilidade_pct": 27.71794463219498,
        "win_rate_pct": 49.2
      }
    },
    "BBAS3.SA": {
      "model_prediction": {
        "ticker": "BBAS3.SA",
        "label": "Modelo de Predição",
        "capital_inicial": 100043.73900000002,
        "capital_final": 116776.58011692441,
        "retorno_total": 16.725525539308748,
        "retorno_anual_pct": 16.870032458438388,
        "sharpe_ratio": 2.171577271306052,
        "sortino_ratio": 1.4115400555670716,
        "calmar_ratio": 3.6707364252648023,
        "max_drawdown_pct": 4.595816889037846,
        "volatilidade_pct": 7.332986880179658,
        "win_rate_pct": 53.125
      },
      "model_simple": {
        "ticker": "BBAS3.SA",
        "label": "Simulação Simples",
        "capital_inicial": 100000.0,
        "capital_final": 107703.14730650827,
        "retorno_total": 7.703147306508273,
        "retorno_anual_pct": 7.767106305875582,
        "sharpe_ratio": 1.0225365847880024,
        "sortino_ratio": 0.6674933690543386,
        "calmar_ratio": 1.6754757520318426,
        "max_drawdown_pct": 4.6357616912428865,
        "volatilidade_pct": 7.628780353406904,
        "win_rate_pct": 53.125
      },
      "buy_and_hold": {
        "ticker": "BBAS3.SA",
        "label": "Buy and Hold",
        "capital_inicial": 100000.0,
        "capital_final": 95679.13605531957,
        "retorno_total": -4.320863944680431,
        "retorno_anual_pct": -4.337699675634998,
        "sharpe_ratio": -0.17594236199285773,
        "sortino_ratio": -0.25411692712941314,
        "calmar_ratio": -0.2684132960179686,
        "max_drawdown_pct": 16.160524608827934,
        "volatilidade_pct": 17.04757031834731,
        "win_rate_pct": 52.800000000000004
      }
    },
    "BBDC4.SA": {
      "model_prediction": {
        "ticker": "BBDC4.SA",
        "label": "Modelo de Predição",
        "capital_inicial": 100043.73900000002,
        "capital_final": 118029.68366277956,
        "retorno_total": 17.978081229830423,
        "retorno_anual_pct": 18.13422574078929,
        "sharpe_ratio": 1.2553117056480494,
        "sortino_ratio": 1.8348329947699131,
        "calmar_ratio": 1.3076097335417172,
        "max_drawdown_pct": 13.868224804102644,
        "volatilidade_pct": 14.109880905909483,
        "win_rate_pct": 50.847457627118644
      },
      "model_simple": {
        "ticker": "BBDC4.SA",
        "label": "Simulação Simples",
        "capital_inicial": 100000.0,
        "capital_final": 112021.29381745173,
        "retorno_total": 12.021293817451738,
        "retorno_anual_pct": 12.123072199862396,
        "sharpe_ratio": 0.8813453569576565,
        "sortino_ratio": 1.283612433878018,
        "calmar_ratio": 0.8741499063183743,
        "max_drawdown_pct": 13.868413314737632,
        "volatilidade_pct": 14.15054257388905,
        "win_rate_pct": 46.61016949152542
      },
      "buy_and_hold": {
        "ticker": "BBDC4.SA",
        "label": "Buy and Hold",
        "capital_inicial": 100000.0,
        "capital_final": 73345.80009197087,
        "retorno_total": -26.65419990802913,
        "retorno_anual_pct": -26.744726042664023,
        "sharpe_ratio": -1.0044334133942063,
        "sortino_ratio": -1.098557853322212,
        "calmar_ratio": -0.9640607906177172,
        "max_drawdown_pct": 27.7417423288499,
        "volatilidade_pct": 27.268443406948716,
        "win_rate_pct": 46.800000000000004
      }
    },
    "ITUB4.SA": {
      "model_prediction": {
        "ticker": "ITUB4.SA",
        "label": "Modelo de Predição",
        "capital_inicial": 100043.73900000002,
        "capital_final": 110724.73191465632,
        "retorno_total": 10.67632319765288,
        "retorno_anual_pct": 10.766175478003914,
        "sharpe_ratio": 378.318306356837,
        "sortino_ratio": 0,
        "calmar_ratio": 0,
        "max_drawdown_pct": 0.0,
        "volatilidade_pct": 0.027141923437186563,
        "win_rate_pct": 0.0
      },
      "model_simple": {
        "ticker": "ITUB4.SA",
        "label": "Simulação Simples",
        "capital_inicial": 100000.0,
        "capital_final": 100000.0,
        "retorno_total": 0.0,
        "retorno_anual_pct": 0.0,
        "sharpe_ratio": -Infinity,
        "sortino_ratio": 0,
        "calmar_ratio": 0,
        "max_drawdown_pct": 0.0,
        "volatilidade_pct": 0.0,
        "win_rate_pct": 0.0
      },
      "buy_and_hold": {
        "ticker": "ITUB4.SA",
        "label": "Buy and Hold",
        "capital_inicial": 100000.0,
        "capital_final": 98317.21066214197,