{
  "metadata": {
    "simulation_date": "2025-10-08T22:19:13.396634",
    "initial_capital": 100000.0,
    "transaction_cost_pct": 0.001,
    "total_tickers": 8,
    "total_simulations": 32
  },
  "results_by_ticker": {
    "PETR4.SA": {
      "model_prediction": {
        "ticker": "PETR4.SA",
        "label": "Modelo de Predição",
        "capital_inicial": 100000.0,
        "capital_final": 102275.37516707499,
        "retorno_total": 2.275375167074989,
        "retorno_anual_pct": 2.293785365386558,
        "sharpe_ratio": 0.24883170919027103,
        "sortino_ratio": 0.1842199296007892,
        "calmar_ratio": 0.15412209041363195,
        "max_drawdown_pct": 14.882911068948717,
        "volatilidade_pct": 12.082306668509942,
        "win_rate_pct": 44.61538461538462
      },
      "model_simple": {
        "ticker": "PETR4.SA",
        "label": "Simulação Simples",
        "capital_inicial": 100000.0,
        "capital_final": 103125.00062471113,
        "retorno_total": 3.1250006247111273,
        "retorno_anual_pct": 3.1503903732737815,
        "sharpe_ratio": 0.3143259769211282,
        "sortino_ratio": 0.23648643711016964,
        "calmar_ratio": 0.21018932300401877,
        "max_drawdown_pct": 14.988346354840996,
        "volatilidade_pct": 12.317693961069084,
        "win_rate_pct": 46.15384615384615
      },
      "buy_and_hold": {
        "ticker": "PETR4.SA",
        "label": "Buy and Hold",
        "capital_inicial": 100000.0,
        "capital_final": 117383.78592864318,
        "retorno_total": 17.38378592864318,
        "retorno_anual_pct": 17.45876647598339,
        "sharpe_ratio": 0.7714891618226246,
        "sortino_ratio": 1.0213926291829294,
        "calmar_ratio": 1.0330775205938558,
        "max_drawdown_pct": 16.89976417834294,
        "volatilidade_pct": 25.016569680101536,
        "win_rate_pct": 50.0
      }
    },
    "VALE3.SA": {
      "model_prediction": {
        "ticker": "VALE3.SA",
        "label": "Modelo de Predição",
        "capital_inicial": 100000.0,
        "capital_final": 107529.2363559667,
        "retorno_total": 7.529236355966695,
        "retorno_anual_pct": 7.591701098870551,
        "sharpe_ratio": 0.7441882627310914,
        "sortino_ratio": 0.6665934281724375,
        "calmar_ratio": 0.7888294171416249,
        "max_drawdown_pct": 9.6240086055355,
        "volatilidade_pct": 10.613547536436158,
        "win_rate_pct": 54.54545454545454
      },
      "model_simple": {
        "ticker": "VALE3.SA",
        "label": "Simulação Simples",
        "capital_inicial": 100000.0,
        "capital_final": 107721.9003298838,
        "retorno_total": 7.721900329883802,
        "retorno_anual_pct": 7.786020592095055,
        "sharpe_ratio": 0.7546656984758808,
        "sortino_ratio": 0.6554386108992839,
        "calmar_ratio": 0.7874243316653708,
        "max_drawdown_pct": 9.88796037789172,
        "volatilidade_pct": 10.72172561029169,
        "win_rate_pct": 51.515151515151516
      },
      "buy_and_hold": {
        "ticker": "VALE3.SA",
        "label": "Buy and Hold",
        "capital_inicial": 100000.0,
        "capital_final": 77351.39470303607,
        "retorno_total": -22.64860529696393,
        "retorno_anual_pct": -22.72770718886147,
        "sharpe_ratio": -1.006382247033826,
        "sortino_ratio": -1.7904369972563687,
        "calmar_ratio": -0.9567695593171174,
        "max_drawdown_pct": 23.75463032611854,
        "volatilidade_pct": 23.0884031254387,
        "win_rate_pct": 40.400000000000006
      }
    },
    "BBDC4.SA": {
      "model_prediction": {
        "ticker": "BBDC4.SA",
        "label": "Modelo de Predição",
        "capital_inicial": 100000.0,
        "capital_final": 108647.46991496629,
        "retorno_total": 8.6474699149663,
        "retorno_anual_pct": 8.719582069902533,
        "sharpe_ratio": 0.6907300293058533,
        "sortino_ratio": 0.7953965513318232,
        "calmar_ratio": 0.8768540008749024,
        "max_drawdown_pct": 9.944166373424034,
        "volatilidade_pct": 13.436255361894428,
        "win_rate_pct": 47.82608695652174
      },
      "model_simple": {
        "ticker": "BBDC4.SA",
        "label": "Simulação Simples",
        "capital_inicial": 100000.0,
        "capital_final": 109461.60263212066,
        "retorno_total": 9.461602632120659,
        "retorno_anual_pct": 9.540797085851382,
        "sharpe_ratio": 0.7468328182573978,
        "sortino_ratio": 0.8757041341102118,
        "calmar_ratio": 0.9758889938250154,
        "max_drawdown_pct": 9.776518790785873,
        "volatilidade_pct": 13.439185645836499,
        "win_rate_pct": 47.82608695652174
      },
      "buy_and_hold": {
        "ticker": "BBDC4.SA",
        "label": "Buy and Hold",
        "capital_inicial": 100000.0,
        "capital_final": 73345.80009197087,
        "retorno_total": -26.65419990802913,
        "retorno_anual_pct": -26.744726042664023,
        "sharpe_ratio": -1.0044334133942063,
        "sortino_ratio": -1.098557853322212,
        "calmar_ratio": -0.9640607906177172,
        "max_drawdown_pct": 27.7417423288499,
        "volatilidade_pct": 27.268443406948716,
        "win_rate_pct": 46.800000000000004
      }
    },
    "ITUB4.SA": {
      "model_prediction": {
        "ticker": "ITUB4.SA",
        "label": "Modelo de Predição",
        "capital_inicial": 100000.0,
        "capital_final": 100000.0,
        "retorno_total": 0.0,
        "retorno_anual_pct": 0.0,
        "sharpe_ratio": -Infinity,
        "sortino_ratio": 0,
        "calmar_ratio": 0,
        "max_drawdown_pct": 0.0,
        "volatilidade_pct": 0.0,
        "win_rate_pct": 0.0
      },
      "model_simple": {
        "ticker": "ITUB4.SA",
        "label": "Simulação Simples",
        "capital_inicial": 100000.0,
        "capital_final": 100000.0,
        "retorno_total": 0.0,
        "retorno_anual_pct": 0.0,
        "sharpe_ratio": -Infinity,
        "sortino_ratio": 0,
        "calmar_ratio": 0,
        "max_drawdown_pct": 0.0,
        "volatilidade_pct": 0.0,
        "win_rate_pct": 0.0
      },
      "buy_and_hold": {
        "ticker": "ITUB4.SA",
        "label": "Buy and Hold",
        "capital_inicial": 100000.0,
        "capital_final": 98317.21066214197,
        "retorno_total": -1.6827893378580372,
        "retorno_anual_pct": -1.6894367240500197,
        "sharpe_ratio": -0.0015325068342512116,
        "sortino_ratio": -0.002384137613784716,
        "calmar_ratio": -0.1025314033304946,
        "max_drawdown_pct": 16.477261299198002,
        "volatilidade_pct": 18.38064268833971,
        "win_rate_pct": 48.4
      }
    },
    "BBAS3.SA": {
      "model_prediction": {
        "ticker": "BBAS3.SA",
        "label": "Modelo de Predição",
        "capital_inicial": 100000.0,
        "capital_final": 99061.36828645793,
        "retorno_total": -0.9386317135420708,
        "retorno_anual_pct": -0.946105133368369,
        "sharpe_ratio": -0.25931289131095553,
        "sortino_ratio": -0.05966809553490531,
        "calmar_ratio": -0.2500839181613476,
        "max_drawdown_pct": 3.783150633292488,
        "volatilidade_pct": 3.4513739718924503,
        "win_rate_pct": 33.33333333333333
      },
      "model_simple": {
        "ticker": "BBAS3.SA",
        "label": "Simulação Simples",
        "capital_inicial": 100000.0,
        "capital_final": 99410.7560789032,
        "retorno_total": -0.5892439210968048,
        "retorno_anual_pct": -0.5939438456656454,
        "sharpe_ratio": -0.15194075920667655,
        "sortino_ratio": -0.03523297120950905,
        "calmar_ratio": -0.15803180893656793,
        "max_drawdown_pct": 3.758381617361903,
        "volatilidade_pct": 3.5282498457944724,
        "win_rate_pct": 33.33333333333333
      },
      "buy_and_hold": {
        "ticker": "BBAS3.SA",
        "label": "Buy and Hold",
        "capital_inicial": 100000.0,
        "capital_final": 95679.13605531957,
        "retorno_total": -4.320863944680431,
        "retorno_anual_pct": -4.337699675634998,